manufacturer,model,format,camera_type,mount,lens_type,fixed_lens_name
Agat,18K,Half-frame,Compact,,fixed,
Agfa,Billy,Medium Format 6x9,Folding,,fixed,
Agfa,Isolette,Medium Format 6x6,Folding,,fixed,
Agfa,Isolette II,Medium Format 6x6,Folding,,fixed,
Agfa,Isolette III,Medium Format 6x6,Folding,,fixed,
Agfa,Optima 1035,35mm,Point & Shoot,,fixed,
Agfa,Optima 1535,35mm,Point & Shoot,,fixed,40mm f/2.8
Agfa,Optima 535,35mm,Point & Shoot,,fixed,
Agfa,Record III,Medium Format 6x9,Folding Rangefinder,,fixed,
Agfa,Silette,35mm,Compact,,fixed,
Agfa,Super Isolette,Medium Format 6x6,Folding Rangefinder,,fixed,
Aires,35-IIIC,35mm,Rangefinder,,fixed,
Alpa,12 STC,Medium Format 6x9,Technical Camera,Large Format 4x5,interchangeable,
Alpa,12 SWA,Medium Format 6x9,Technical Camera,Large Format 4x5,interchangeable,
Alpa,12 TC,Medium Format 6x9,Technical Camera,Large Format 4x5,interchangeable,
Arca-Swiss,Basic,Large Format 4x5,Monorail,Large Format 4x5,interchangeable,
Arca-Swiss,Discovery,Large Format 4x5,Monorail,Large Format 4x5,interchangeable,
Arca-Swiss,F-Line,Large Format 4x5,Monorail,Large Format 4x5,interchangeable,
Arca-Swiss,Misura,Large Format 4x5,Monorail,Large Format 4x5,interchangeable,
Arca-Swiss,RM3di,Large Format 4x5,Monorail,Large Format 4x5,interchangeable,
Arca-Swiss,Rm3d,Large Format 4x5,Monorail,Large Format 4x5,interchangeable,
Argus,C3,35mm,Rangefinder,,fixed,
Balda,Super Baldax,Medium Format 6x6,Folding Rangefinder,,fixed,
Beauty,Super L,35mm,Rangefinder,,fixed,
Beirette,K100,35mm,Compact,,fixed,
Bessa,RF,Medium Format 6x9,Folding Rangefinder,,fixed,
Bronica,C,Medium Format 6x6,SLR,Bronica SQ,interchangeable,
Bronica,C2,Medium Format 6x6,SLR,Bronica SQ,interchangeable,
Bronica,EC,Medium Format 6x6,SLR,Bronica S,interchangeable,
Bronica,EC-TL,Medium Format 6x6,SLR,Bronica S,interchangeable,
Bronica,EC-TL II,Medium Format 6x6,SLR,Bronica S,interchangeable,
Bronica,ETR,Medium Format 645,SLR,Bronica ETR,interchangeable,
Bronica,ETR-C,Medium Format 645,SLR,Bronica ETR,interchangeable,
Bronica,ETRS,Medium Format 645,SLR,Bronica ETR,interchangeable,
Bronica,ETRSi,Medium Format 645,SLR,Bronica ETR,interchangeable,
Bronica,GS-1,Medium Format 6x7,SLR,Bronica GS-1,interchangeable,
Bronica,RF645,Medium Format 645,Rangefinder,Bronica RF,interchangeable,
Bronica,S,Medium Format 6x6,SLR,Bronica S,interchangeable,
Bronica,S2,Medium Format 6x6,SLR,Bronica S,interchangeable,
Bronica,S2A,Medium Format 6x6,SLR,Bronica S,interchangeable,
Bronica,SQ,Medium Format 6x6,SLR,Bronica SQ,interchangeable,
Bronica,SQ-A,Medium Format 6x6,SLR,Bronica SQ,interchangeable,
Bronica,SQ-Ai,Medium Format 6x6,SLR,Bronica SQ,interchangeable,
Bronica,SQ-B,Medium Format 6x6,SLR,Bronica SQ,interchangeable,
Burke & James,Grover 4x5,Large Format 4x5,View Camera,Large Format 4x5,interchangeable,
Busch,Pressman,Large Format 4x5,Press,Large Format 4x5,interchangeable,
Calumet,CC-400,Large Format 4x5,Monorail,Large Format 4x5,interchangeable,
Calumet,CC-401,Large Format 4x5,Monorail,Large Format 4x5,interchangeable,
Cambo,Legend,Large Format 4x5,Monorail,Large Format 4x5,interchangeable,
Cambo,SCN,Large Format 4x5,Monorail,Large Format 4x5,interchangeable,
Cambo,Ultima 45,Large Format 4x5,Monorail,Large Format 4x5,interchangeable,
Cambo,Wide DS,Large Format 4x5,Wide-angle,,fixed,
Cambo,Wide RS,Medium Format 6x9,Wide-angle,,fixed,
Canham,8x10,Large Format 8x10,Field Camera,Large Format 8x10,interchangeable,
Canham,DLC45,Large Format 4x5,Field Camera,Large Format 4x5,interchangeable,
Canham,Traditional 4x5,Large Format 4x5,Field Camera,Large Format 4x5,interchangeable,
Canon,7,35mm,Rangefinder,LTM (L39),interchangeable,
Canon,7s,35mm,Rangefinder,LTM (L39),interchangeable,
Canon,A-1,35mm,SLR,Canon FD,interchangeable,
Canon,A35 Datelux / Autoboy,35mm,Point & Shoot,,fixed,
Canon,AE-1,35mm,SLR,Canon FD,interchangeable,
Canon,AE-1 Program,35mm,SLR,Canon FD,interchangeable,
Canon,AF35ML,35mm,Point & Shoot,,fixed,Canon 40mm f/1.9
Canon,AL-1,35mm,SLR,Canon FD,interchangeable,
Canon,AT-1,35mm,SLR,Canon FD,interchangeable,
Canon,AV-1,35mm,SLR,Canon FD,interchangeable,
Canon,Autoboy Luna / Sure Shot Luna,35mm,Point & Shoot,,fixed,
Canon,Canonet 28,35mm,Rangefinder,,fixed,40mm f/2.8
Canon,Canonet QL17 GIII,35mm,Rangefinder,,fixed,
Canon,Canonet QL19,35mm,Rangefinder,,fixed,45mm f/1.9
Canon,Canonflex,35mm,SLR,Canon FD,interchangeable,
Canon,Demi,Half-frame,Compact,,fixed,
Canon,Dial 35,Half-frame,Compact,,fixed,
Canon,EF,35mm,SLR,Canon FD,interchangeable,
Canon,ELPH / IXUS (APS),APS,Point & Shoot,,fixed,
Canon,EOS 10 / 10s,35mm,SLR,Canon EF,interchangeable,
Canon,EOS 100 / Elan,35mm,SLR,Canon EF,interchangeable,
Canon,EOS 1000/Rebel,35mm,SLR,Canon EF,interchangeable,
Canon,EOS 1000F / Rebel,35mm,SLR,Canon EF,interchangeable,
Canon,EOS 1000FN / Rebel S II,35mm,SLR,Canon EF,interchangeable,
Canon,EOS 1N,35mm,SLR,Canon EF,interchangeable,
Canon,EOS 1N RS,35mm,SLR,Canon EF,interchangeable,
Canon,EOS 1V,35mm,SLR,Canon EF,interchangeable,
Canon,EOS 3,35mm,SLR,Canon EF,interchangeable,
Canon,EOS 30 / Elan 7,35mm,SLR,Canon EF,interchangeable,
Canon,EOS 300 / Rebel 2000,35mm,SLR,Canon EF,interchangeable,
Canon,EOS 300V / Rebel Ti,35mm,SLR,Canon EF,interchangeable,
Canon,EOS 33 / Elan 7N,35mm,SLR,Canon EF,interchangeable,
Canon,EOS 5 / A2E,35mm,SLR,Canon EF,interchangeable,
Canon,EOS 50 / Elan IIE,35mm,SLR,Canon EF,interchangeable,
Canon,EOS 500 / Rebel XS,35mm,SLR,Canon EF,interchangeable,
Canon,EOS 5000 / 888,35mm,SLR,Canon EF,interchangeable,
Canon,EOS 500N / Rebel G,35mm,SLR,Canon EF,interchangeable,
Canon,EOS 55 / Elan II,35mm,SLR,Canon EF,interchangeable,
Canon,EOS 620,35mm,SLR,Canon EF,interchangeable,
Canon,EOS 630,35mm,SLR,Canon EF,interchangeable,
Canon,EOS 650,35mm,SLR,Canon EF,interchangeable,
Canon,EOS 7 / Elan 7E,35mm,SLR,Canon EF,interchangeable,
Canon,EOS 700 / 750 QD,35mm,SLR,Canon EF,interchangeable,
Canon,EOS 750/850,35mm,SLR,Canon EF,interchangeable,
Canon,EOS 88 / 8888,35mm,SLR,Canon EF,interchangeable,
Canon,EOS IX / IX Lite,APS,SLR,Canon EF,interchangeable,
Canon,EOS Kiss / 500,35mm,SLR,Canon EF,interchangeable,
Canon,EOS RT,35mm,SLR,Canon EF,interchangeable,
Canon,EOS Rebel K2 / EOS 3000V,35mm,SLR,Canon EF,interchangeable,
Canon,EOS Rebel XSN / EOS 66,35mm,SLR,Canon EF,interchangeable,
Canon,EX Auto,35mm,SLR,Canon FD,interchangeable,
Canon,F-1,35mm,SLR,Canon FD,interchangeable,
Canon,F-1N,35mm,SLR,Canon FD,interchangeable,
Canon,FP,35mm,SLR,Canon FD,interchangeable,
Canon,FTb,35mm,SLR,Canon FD,interchangeable,
Canon,FTb-N,35mm,SLR,Canon FD,interchangeable,
Canon,FX,35mm,SLR,Canon FD,interchangeable,
Canon,IVSb,35mm,Rangefinder,LTM (L39),interchangeable,
Canon,MC,35mm,Point & Shoot,,fixed,35mm f/2.8
Canon,New F-1,35mm,SLR,Canon FD,interchangeable,
Canon,P,35mm,Rangefinder,LTM (L39),interchangeable,
Canon,Pellix,35mm,SLR,Canon FD,interchangeable,
Canon,Pellix QL,35mm,SLR,Canon FD,interchangeable,
Canon,Prima Super 115,35mm,Point & Shoot,,fixed,
Canon,Prima Zoom 76 / Sure Shot Z76,35mm,Point & Shoot,,fixed,
Canon,QL19,35mm,Rangefinder,,fixed,
Canon,Sprint / Snappy,35mm,Point & Shoot,,fixed,
Canon,Sure Shot 105 Zoom,35mm,Point & Shoot,,fixed,
Canon,Sure Shot 85 Zoom,35mm,Point & Shoot,,fixed,
Canon,Sure Shot AF35M / Autoboy,35mm,Point & Shoot,,fixed,Canon 38mm f/2.8
Canon,Sure Shot Max / Prima 5,35mm,Point & Shoot,,fixed,
Canon,Sure Shot Z135 / Prima Super 135,35mm,Point & Shoot,,fixed,
Canon,T50,35mm,SLR,Canon FD,interchangeable,
Canon,T60,35mm,SLR,Canon FD,interchangeable,
Canon,T70,35mm,SLR,Canon FD,interchangeable,
Canon,T80,35mm,SLR,Canon FD,interchangeable,
Canon,T90,35mm,SLR,Canon FD,interchangeable,
Canon,TLb,35mm,SLR,Canon FD,interchangeable,
Canon,TX,35mm,SLR,Canon FD,interchangeable,
Canon,VT,35mm,Rangefinder,LTM (L39),interchangeable,
Canon,VI-L,35mm,Rangefinder,,fixed,
Canon,WP-1,35mm,Point & Shoot (Waterproof),,fixed,32mm f/3.5
Canon,Z115,35mm,Point & Shoot,,fixed,
Chaika,II,Half-frame,Compact,,fixed,
Chamonix,045F-2,Large Format 4x5,Field Camera,Large Format 4x5,interchangeable,
Chamonix,045H-1,Large Format 4x5,Field Camera,Large Format 4x5,interchangeable,
Chamonix,045N-2,Large Format 4x5,Field Camera,Large Format 4x5,interchangeable,
Chamonix,057N-1,Large Format 5x7,Field Camera,Large Format 5x7,interchangeable,
Chamonix,810V-2,Large Format 8x10,Field Camera,Large Format 8x10,interchangeable,
Chinon,Bellami,35mm,Point & Shoot,,fixed,
Chinon,CE-3 Memotron,35mm,SLR,Pentax K,interchangeable,
Chinon,CE-4,35mm,SLR,Pentax K,interchangeable,
Chinon,CG-5,35mm,SLR,Pentax K,interchangeable,
Chinon,CM-5,35mm,SLR,Pentax K,interchangeable,
Chinon,CP-7m,35mm,SLR,Pentax K,interchangeable,
Ciro-flex,Model F,Medium Format 6x6,TLR,,fixed,
Ciroflex,Model E,Medium Format 6x6,TLR,,fixed,
Contax,137 MA,35mm,SLR,C/Y (Contax/Yashica),interchangeable,
Contax,137 MD,35mm,SLR,C/Y (Contax/Yashica),interchangeable,
Contax,139 Quartz,35mm,SLR,C/Y (Contax/Yashica),interchangeable,
Contax,159 MM,35mm,SLR,C/Y (Contax/Yashica),interchangeable,
Contax,167 MT,35mm,SLR,C/Y (Contax/Yashica),interchangeable,
Contax,645,Medium Format 645,SLR,Contax 645,interchangeable,
Contax,AX,35mm,SLR,C/Y (Contax/Yashica),interchangeable,
Contax,Aria,35mm,SLR,C/Y (Contax/Yashica),interchangeable,
Contax,G1,35mm,Rangefinder (AF),Contax G,interchangeable,
Contax,G2,35mm,Rangefinder (AF),Contax G,interchangeable,
Contax,N1,35mm,SLR,Contax N,interchangeable,
Contax,NX,35mm,SLR,Contax N,interchangeable,
Contax,RTS,35mm,SLR,C/Y (Contax/Yashica),interchangeable,
Contax,RTS II,35mm,SLR,C/Y (Contax/Yashica),interchangeable,
Contax,RTS III,35mm,SLR,C/Y (Contax/Yashica),interchangeable,
Contax,RX,35mm,SLR,C/Y (Contax/Yashica),interchangeable,
Contax,RX II,35mm,SLR,C/Y (Contax/Yashica),interchangeable,
Contax,S2,35mm,SLR,C/Y (Contax/Yashica),interchangeable,
Contax,S2b,35mm,SLR,C/Y (Contax/Yashica),interchangeable,
Contax,ST,35mm,SLR,C/Y (Contax/Yashica),interchangeable,
Contax,T,35mm,Point & Shoot,,fixed,Carl Zeiss Sonnar 38mm f/2.8
Contax,T2,35mm,Point & Shoot,,fixed,Carl Zeiss Sonnar 38mm f/2.8
Contax,T3,35mm,Point & Shoot,,fixed,Carl Zeiss Sonnar 35mm f/2.8
Contax,TVS,35mm,Point & Shoot,,fixed,Carl Zeiss Vario-Sonnar 28-56mm f/3.5-6.5
Contax,TVS II,35mm,Point & Shoot,,fixed,Carl Zeiss Vario-Sonnar 28-56mm f/3.5-6.5
Contax,TVS III,35mm,Point & Shoot,,fixed,Carl Zeiss Vario-Sonnar 30-60mm f/3.7-7.9
Contax,Tix,APS,Point & Shoot,,fixed,Carl Zeiss Sonnar 28mm f/2.8
Contax,i4R,35mm,Point & Shoot,,fixed,
Cosina,CS-1,35mm,SLR,Pentax K,interchangeable,
Cosina,CT-1,35mm,SLR,Pentax K,interchangeable,
Cosina,CT-1 Super,35mm,SLR,Pentax K,interchangeable,
Cosina,CX-2,35mm,Compact,,fixed,
Deardorff,4x5,Large Format 4x5,Field Camera,Large Format 4x5,interchangeable,
Deardorff,V5,Large Format 4x5,Field Camera,Large Format 4x5,interchangeable,
Deardorff,V8,Large Format 8x10,Field Camera,Large Format 8x10,interchangeable,
Lomography,Diana F+,Medium Format 6x6,Toy Camera,,fixed,
Lomography,Diana Mini,Half-frame,Toy Camera,,fixed,
Ebony,45S,Large Format 4x5,Field Camera,Large Format 4x5,interchangeable,
Ebony,45SU,Large Format 4x5,Field Camera,Large Format 4x5,interchangeable,
Ebony,810,Large Format 8x10,Field Camera,Large Format 8x10,interchangeable,
Ebony,RW45,Large Format 4x5,Field Camera,Large Format 4x5,interchangeable,
Ebony,RW810,Large Format 8x10,Field Camera,Large Format 8x10,interchangeable,
Ebony,SV45U,Large Format 4x5,Field Camera,Large Format 4x5,interchangeable,
Ebony,SW45,Large Format 4x5,Field Camera,Large Format 4x5,interchangeable,
Ensign,Autorange 820,Medium Format 6x6,Folding Rangefinder,,fixed,
Exakta,RTL1000,35mm,SLR,Exakta,interchangeable,
Exakta,VX1000,35mm,SLR,Exakta,interchangeable,
Exakta,Varex IIa,35mm,SLR,Exakta,interchangeable,
FED,2,35mm,Rangefinder,LTM (L39),interchangeable,
FED,3,35mm,Rangefinder,LTM (L39),interchangeable,
FED,4,35mm,Rangefinder,LTM (L39),interchangeable,
FED,5,35mm,Rangefinder,LTM (L39),interchangeable,
Flexaret,VII,Medium Format 6x6,TLR,,fixed,
Franka,Solida III,Medium Format 6x6,Folding,,fixed,
Fuji,GS645,Medium Format 645,Folding Rangefinder,,fixed,
Fuji,GS645S,Medium Format 645,Rangefinder,,fixed,
Fuji,GS645W,Medium Format 645,Rangefinder,,fixed,
Fujica,AX-1,35mm,SLR,Fujica X,interchangeable,
Fujica,AX-3,35mm,SLR,Fujica X,interchangeable,
Fujica,AX-5,35mm,SLR,Fujica X,interchangeable,
Fujica,Auto-7,35mm,Rangefinder,,fixed,
Fujica,Compact 35,35mm,Rangefinder,,fixed,38mm f/2.8
Fujica,GER,35mm,Rangefinder,,fixed,
Fujica,Half,Half-frame,Compact,,fixed,
Fujica,ST605,35mm,SLR,M42,interchangeable,
Fujica,ST701,35mm,SLR,M42,interchangeable,
Fujica,ST801,35mm,SLR,M42,interchangeable,
Fujica,ST901,35mm,SLR,M42,interchangeable,
Fujica,STX-1,35mm,SLR,Fujica X,interchangeable,
Fujica,STX-2,35mm,SLR,Fujica X,interchangeable,
Fujica,V2,35mm,Rangefinder,,fixed,45mm f/1.8
Fujifilm,Cardia Mini Tiara,35mm,Point & Shoot,,fixed,
Fujifilm,DL Super Mini / Tiara,35mm,Point & Shoot,,fixed,28mm f/3.5
Fujifilm,DL-200,35mm,Point & Shoot,,fixed,
Fujifilm,DL-300 Tele Super Date,35mm,Point & Shoot,,fixed,
Fujifilm,G617,Panoramic 6x17,Rangefinder,,fixed,
Fujifilm,GX617,Panoramic 6x17,Panoramic,Fuji GX617,interchangeable,
Fujifilm,GA645,Medium Format 645,Rangefinder,,fixed,
Fujifilm,GA645Wi,Medium Format 645,Rangefinder,,fixed,
Fujifilm,GA645Zi,Medium Format 645,Rangefinder,,fixed,
Fujifilm,GA645i,Medium Format 645,Rangefinder,,fixed,
Fujifilm,GF670 / Voigtlander Bessa III,Medium Format 6x7,Folding Rangefinder,,fixed,
Fujifilm,GSW690II,Medium Format 6x9,Rangefinder,,fixed,
Fujifilm,GSW690III,Medium Format 6x9,Rangefinder,,fixed,
Fujifilm,GW670II,Medium Format 6x7,Rangefinder,,fixed,
Fujifilm,GW670III,Medium Format 6x7,Rangefinder,,fixed,
Fujifilm,GW680III,Medium Format 6x8,Rangefinder,,fixed,90mm f/3.5
Fujifilm,GW690II,Medium Format 6x9,Rangefinder,,fixed,
Fujifilm,GW690III,Medium Format 6x9,Rangefinder,,fixed,
Fujifilm,GX680,Medium Format 6x8,SLR,Fujifilm GX680,interchangeable,
Fujifilm,GX680III,Medium Format 6x8,SLR,Fujifilm GX680,interchangeable,
Fujifilm,Instax Mini 11,Instax Mini,Instant,,fixed,
Fujifilm,Instax Mini 12,Instax Mini,Instant,,fixed,
Fujifilm,Instax Mini 40,Instax Mini,Instant,,fixed,
Fujifilm,Instax Mini 90 Neo Classic,Instax Mini,Instant,,fixed,
Fujifilm,Instax Mini 99,Instax Mini,Instant,,fixed,
Fujifilm,Instax Mini Evo,Instax Mini,Hybrid Instant,,fixed,
Fujifilm,Instax Square SQ1,Instax Square,Instant,,fixed,
Fujifilm,Instax Square SQ40,Instax Square,Instant,,fixed,
Fujifilm,Instax Square SQ6,Instax Square,Instant,,fixed,
Fujifilm,Instax Wide 210,Instax Wide,Instant,,fixed,
Fujifilm,Instax Wide 300,Instax Wide,Instant,,fixed,
Fujifilm,Instax Wide 400,Instax Wide,Instant,,fixed,
Fujifilm,Klasse,35mm,Point & Shoot,,fixed,Fujinon 38mm f/2.6
Fujifilm,Klasse S,35mm,Point & Shoot,,fixed,Fujinon 38mm f/2.8
Fujifilm,Klasse W,35mm,Point & Shoot,,fixed,Fujinon 28mm f/2.8
Fujifilm,Natura Classica,35mm,Point & Shoot,,fixed,Fujinon 28mm f/2.8
Fujifilm,Natura S,35mm,Point & Shoot,,fixed,Fujinon 24mm f/1.9
Fujifilm,QuickSnap / Simple Ace,35mm,Disposable,,fixed,
Fujifilm,Silvi / Tiara Zoom,35mm,Point & Shoot,,fixed,
Fujifilm,Silvi F2.8 / Tiara Zoom,35mm,Point & Shoot,,fixed,50mm f/2.8
Fujifilm,Smart Shot Supreme,35mm,Point & Shoot,,fixed,
Fujifilm,TX-1 / XPan equivalent,35mm Panoramic,Rangefinder,,fixed,
Fujifilm,TX-2 / XPan II equivalent,35mm Panoramic,Rangefinder,,fixed,
Fujifilm,Tiara / DL Super Mini,35mm,Point & Shoot,,fixed,Fujinon 28mm f/3.5
Fujifilm,Tiara II,35mm,Point & Shoot,,fixed,
Fujifilm,Zoom Cardia 2000,35mm,Point & Shoot,,fixed,
Fujifilm,Zoom Date 1000,35mm,Point & Shoot,,fixed,
Gandolfi,Traditional,Large Format 4x5,Field Camera,Large Format 4x5,interchangeable,
Gandolfi,Variant,Large Format 4x5,Field Camera,Large Format 4x5,interchangeable,
Graflex,Century Graphic,Medium Format 6x9,Press,Large Format 4x5,interchangeable,
Graflex,Crown Graphic,Large Format 4x5,Press/View Camera,Large Format 4x5,interchangeable,
Graflex,Graphic 45,Large Format 4x5,Press/View Camera,Large Format 4x5,interchangeable,
Graflex,Miniature Speed Graphic,Medium Format 6x9,Press,Large Format 4x5,interchangeable,
Graflex,Pacemaker Speed Graphic,Large Format 4x5,Press/View Camera,Large Format 4x5,interchangeable,
Graflex,RB Super D,Large Format 4x5,SLR,Large Format 4x5,interchangeable,
Graflex,Speed Graphic,Large Format 4x5,Press/View Camera,Large Format 4x5,interchangeable,
Graflex,Super Speed Graphic,Large Format 4x5,Press/View Camera,Large Format 4x5,interchangeable,
Graflex,XL,Medium Format 6x9,Rangefinder,,fixed,
Hasselblad,1000F,Medium Format 6x6,SLR,Hasselblad V,interchangeable,
Hasselblad,1600F,Medium Format 6x6,SLR,Hasselblad V,interchangeable,
Hasselblad,2000FC,Medium Format 6x6,SLR,Hasselblad V,interchangeable,
Hasselblad,2000FCW,Medium Format 6x6,SLR,Hasselblad V,interchangeable,
Hasselblad,2003FCW,Medium Format 6x6,SLR,Hasselblad V,interchangeable,
Hasselblad,201F,Medium Format 6x6,SLR,Hasselblad V,interchangeable,
Hasselblad,202FA,Medium Format 6x6,SLR,Hasselblad V,interchangeable,
Hasselblad,205FCC,Medium Format 6x6,SLR,Hasselblad V,interchangeable,
Hasselblad,205TCC,Medium Format 6x6,SLR,Hasselblad V,interchangeable,
Hasselblad,500C,Medium Format 6x6,SLR,Hasselblad V,interchangeable,
Hasselblad,500C/M,Medium Format 6x6,SLR,Hasselblad V,interchangeable,
Hasselblad,500C/M Chrome,Medium Format 6x6,SLR,Hasselblad V,interchangeable,
Hasselblad,500Classic,Medium Format 6x6,SLR,Hasselblad V,interchangeable,
Hasselblad,500EL,Medium Format 6x6,SLR,Hasselblad V,interchangeable,
Hasselblad,500EL/M,Medium Format 6x6,SLR,Hasselblad V,interchangeable,
Hasselblad,501C,Medium Format 6x6,SLR,Hasselblad V,interchangeable,
Hasselblad,501CM,Medium Format 6x6,SLR,Hasselblad V,interchangeable,
Hasselblad,503CW,Medium Format 6x6,SLR,Hasselblad V,interchangeable,
Hasselblad,503CX,Medium Format 6x6,SLR,Hasselblad V,interchangeable,
Hasselblad,503CXi,Medium Format 6x6,SLR,Hasselblad V,interchangeable,
Hasselblad,553ELX,Medium Format 6x6,SLR,Hasselblad V,interchangeable,
Hasselblad,555ELD,Medium Format 6x6,SLR,Hasselblad V,interchangeable,
Hasselblad,903SWC,Medium Format 6x6,Wide-angle,,fixed,Carl Zeiss Biogon 38mm f/4.5
Hasselblad,905SWC,Medium Format 6x6,Wide-angle,,fixed,Carl Zeiss Biogon 38mm f/4.5
Hasselblad,ArcBody,Medium Format 6x6,View Camera Style,Large Format 4x5,interchangeable,
Hasselblad,FlexBody,Medium Format 6x6,View Camera Style,Large Format 4x5,interchangeable,
Hasselblad,SWC,Medium Format 6x6,Wide-angle,,fixed,Carl Zeiss Biogon 38mm f/4.5
Hasselblad,SWC/M,Medium Format 6x6,Wide-angle,,fixed,Carl Zeiss Biogon 38mm f/4.5
Hasselblad,XPan,35mm Panoramic,Rangefinder,,fixed,
Hasselblad,XPan II,35mm Panoramic,Rangefinder,,fixed,
Holga,120CFN,Medium Format 6x6,Toy Camera,,fixed,
Holga,120GCFN,Medium Format 6x6,Toy Camera,,fixed,
Holga,120GN,Medium Format 6x6,Toy Camera,,fixed,
Holga,120N,Medium Format 6x6,Toy Camera,,fixed,
Holga,120S,Medium Format 6x6,Toy Camera,,fixed,
Holga,135,35mm,Toy Camera,,fixed,
Horizon,202,35mm Panoramic,Panoramic,,fixed,
Horizon,Perfekt,35mm Panoramic,Panoramic,,fixed,
Horizon,S3 Pro,35mm Panoramic,Panoramic,,fixed,
Horseman,45FA,Large Format 4x5,Field Camera,Large Format 4x5,interchangeable,
Horseman,45HD,Large Format 4x5,Field Camera,Large Format 4x5,interchangeable,
Horseman,612,Medium Format 6x12,Rangefinder,,fixed,
Horseman,LE,Large Format 4x5,Field Camera,Large Format 4x5,interchangeable,
Horseman,LX,Large Format 4x5,Monorail,Large Format 4x5,interchangeable,
Horseman,SW612,Medium Format 6x12,Technical Camera,Large Format 4x5,interchangeable,
Horseman,VH,Large Format 4x5,Monorail,Large Format 4x5,interchangeable,
Ikoflex,IIa,Medium Format 6x6,TLR,,fixed,
Ilford,HP5+ Single Use,35mm,Disposable,,fixed,
Ilford,Sprite 35-II,35mm,Reusable P&S,,fixed,
Ilford,XP2 Single Use,35mm,Disposable,,fixed,
Intrepid,4x5 Mk4,Large Format 4x5,Field Camera,Large Format 4x5,interchangeable,
Intrepid,4x5 Mk5,Large Format 4x5,Field Camera,Large Format 4x5,interchangeable,
Intrepid,5x7,Large Format 5x7,Field Camera,Large Format 5x7,interchangeable,
Intrepid,8x10 Mk2,Large Format 8x10,Field Camera,Large Format 8x10,interchangeable,
Jollylook,Pinhole,Instax Mini,Pinhole,,fixed,
Kiev,19,35mm,SLR,Nikon F,interchangeable,
Kiev,19M,35mm,SLR,Nikon F,interchangeable,
Kiev,2,35mm,Rangefinder,,fixed,
Kiev,35A,35mm,Compact,,fixed,
Kiev,4/4A,35mm,Rangefinder,,fixed,
Kiev,4M,35mm,Rangefinder,,fixed,
Kiev,60,Medium Format 6x6,SLR,Pentacon Six,interchangeable,
Kiev,60 TTL,Medium Format 6x6,SLR,Pentacon Six,interchangeable,
Kiev,6C / 6S,Medium Format 6x6,SLR,Pentacon Six,interchangeable,
Kiev,88,Medium Format 6x6,SLR,Pentacon Six,interchangeable,
Kiev,88CM,Medium Format 6x6,SLR,Pentacon Six,interchangeable,
Kodak,Brownie Hawkeye,Medium Format 6x6,Box Camera,,fixed,
Kodak,Brownie No. 2,Medium Format 6x9,Box Camera,,fixed,
Kodak,Chevron,Medium Format 6x9,Rangefinder,,fixed,
Kodak,Disposable / FunSaver,35mm,Disposable,,fixed,
Kodak,Ektar H35,Half-frame,Reusable P&S,,fixed,
Kodak,Ektar H35N,Half-frame,Reusable P&S,,fixed,
Kodak,Instamatic,126,Point & Shoot,,fixed,
Kodak,M35,35mm,Reusable P&S,,fixed,
Kodak,M38,35mm,Reusable P&S,,fixed,
Kodak,Medalist,Medium Format 6x9,Rangefinder,,fixed,
Kodak,Pocket Instamatic,110,Pocket Camera,,fixed,
Kodak,Pony 135,35mm,Compact,,fixed,
Kodak,Retina Automatic,35mm,Compact,,fixed,
Kodak,Retina IB,35mm,Folding,,fixed,
Kodak,Retina IIIC,35mm,Folding Rangefinder,,fixed,
Kodak,Retina IIIc,35mm,Folding Rangefinder,,fixed,
Kodak,Retina IIc,35mm,Folding Rangefinder,,fixed,
Kodak,Retina Reflex,35mm,SLR,DKL,interchangeable,
Kodak,Signet 35,35mm,Rangefinder,,fixed,
Kodak,Signet 40,35mm,Rangefinder,,fixed,
Kodak,Star 35,35mm,Point & Shoot,,fixed,
Kodak,Tourist,Medium Format 6x9,Folding,,fixed,
Kodak,i60,35mm,Reusable P&S,,fixed,
Konica,Auto S,35mm,Rangefinder,,fixed,47mm f/1.9
Konica,Auto S2,35mm,Rangefinder,,fixed,45mm f/1.8
Konica,Auto S3,35mm,Rangefinder,,fixed,38mm f/1.8
Konica,Autoreflex T3,35mm,SLR,Konica AR,interchangeable,
Konica,Autoreflex TC,35mm,SLR,Konica AR,interchangeable,
Konica,Big Mini,35mm,Point & Shoot,,fixed,Hexanon 35mm f/3.5
Konica,Big Mini F,35mm,Point & Shoot,,fixed,
Konica,C35,35mm,Compact Rangefinder,,fixed,
Konica,C35 AF,35mm,Point & Shoot,,fixed,Hexanon 38mm f/2.8
Konica,EEmatic,35mm,Rangefinder,,fixed,
Konica,FP,35mm,SLR,Konica AR,interchangeable,
Konica,FS-1,35mm,SLR,Konica AR,interchangeable,
Konica,FT-1 Motor,35mm,SLR,Konica AR,interchangeable,
Konica,Hexar,35mm,Rangefinder,,fixed,35mm f/3.5
Konica,Hexar AF,35mm,Point & Shoot,,fixed,Hexanon 35mm f/2
Konica,Hexar RF,35mm,Rangefinder,Leica M,interchangeable,
Konica,III,35mm,Rangefinder,,fixed,
Konica,Pop,35mm,Point & Shoot,,fixed,
Konica,Recorder,Half-frame,Point & Shoot,,fixed,
Konica,S II,35mm,Rangefinder,,fixed,
Konica,S3,35mm,Rangefinder,,fixed,
Konica,TC-X,35mm,SLR,Konica AR,interchangeable,
Kowa,Six,Medium Format 6x6,SLR,Kowa Six,interchangeable,
Kowa,Six MM,Medium Format 6x6,SLR,Kowa Six,interchangeable,
Kowa,Super 66,Medium Format 6x6,SLR,Kowa Six,interchangeable,
Krasnogorsk,Moskva 5,Medium Format 6x9,Folding Rangefinder,,fixed,
Krasnogorsk,Zorki series,35mm,Rangefinder,,fixed,
Kyocera,Finecam S3R,35mm,Point & Shoot,,fixed,
Kyocera,Slim T,35mm,Point & Shoot,,fixed,
Kyocera,T Proof / Yashica T5,35mm,Point & Shoot,,fixed,
LOMO,Kompakt,35mm,Compact,,fixed,
LOMO,Smena 35,35mm,Compact,,fixed,
Leica,AF-C1,35mm,Point & Shoot,,fixed,
Leica,CL,35mm,Rangefinder,Leica M,interchangeable,
Leica,CL (Minolta),35mm,Rangefinder,Leica M,interchangeable,
Leica,CM,35mm,Point & Shoot,,fixed,Leitz Summarit 40mm f/2.4
Leica,I / Model A,35mm,Viewfinder,,fixed,
Leica,II / Model D,35mm,Rangefinder,LTM (L39),interchangeable,
Leica,IIIa,35mm,Rangefinder,LTM (L39),interchangeable,
Leica,IIIc,35mm,Rangefinder,LTM (L39),interchangeable,
Leica,IIIf,35mm,Rangefinder,LTM (L39),interchangeable,
Leica,IIIg,35mm,Rangefinder,LTM (L39),interchangeable,
Leica,If,35mm,Rangefinder,LTM (L39),interchangeable,
Leica,Ig,35mm,Rangefinder,LTM (L39),interchangeable,
Leica,M1,35mm,Rangefinder,Leica M,interchangeable,
Leica,M2,35mm,Rangefinder,Leica M,interchangeable,
Leica,M3,35mm,Rangefinder,Leica M,interchangeable,
Leica,M4,35mm,Rangefinder,Leica M,interchangeable,
Leica,M4-2,35mm,Rangefinder,Leica M,interchangeable,
Leica,M4-P,35mm,Rangefinder,Leica M,interchangeable,
Leica,M5,35mm,Rangefinder,Leica M,interchangeable,
Leica,M6,35mm,Rangefinder,Leica M,interchangeable,
Leica,M6 TTL,35mm,Rangefinder,Leica M,interchangeable,
Leica,M6J,35mm,Rangefinder,Leica M,interchangeable,
Leica,M7,35mm,Rangefinder,Leica M,interchangeable,
Leica,M-A,35mm,Rangefinder,Leica M,interchangeable,
Leica,MD-2,35mm,Rangefinder,Leica M,interchangeable,
Leica,MDa,35mm,Rangefinder,Leica M,interchangeable,
Leica,MP,35mm,Rangefinder,Leica M,interchangeable,
Leica,Mini,35mm,Point & Shoot,,fixed,Elmar 35mm f/3.5
Leica,Mini II / Mini Zoom,35mm,Point & Shoot,,fixed,
Leica,Minilux,35mm,Point & Shoot,,fixed,Leitz Summarit 40mm f/2.4
Leica,Minilux Zoom,35mm,Point & Shoot,,fixed,
Leica,R-E,35mm,SLR,Leica R,interchangeable,
Leica,R3,35mm,SLR,Leica R,interchangeable,
Leica,R3 MOT,35mm,SLR,Leica R,interchangeable,
Leica,R4,35mm,SLR,Leica R,interchangeable,
Leica,R5,35mm,SLR,Leica R,interchangeable,
Leica,R6,35mm,SLR,Leica R,interchangeable,
Leica,R6.2,35mm,SLR,Leica R,interchangeable,
Leica,R7,35mm,SLR,Leica R,interchangeable,
Leica,R8,35mm,SLR,Leica R,interchangeable,
Leica,R9,35mm,SLR,Leica R,interchangeable,
Leica,Z2X,35mm,Point & Shoot,,fixed,
Linhof,Kardan,Large Format 4x5,Monorail,Large Format 4x5,interchangeable,
Linhof,Kardan GT,Large Format 4x5,Monorail,Large Format 4x5,interchangeable,
Linhof,Super Technika V,Large Format 4x5,Field Camera,Large Format 4x5,interchangeable,
Linhof,Technar 45,Large Format 4x5,Field Camera,Large Format 4x5,interchangeable,
Linhof,Technorama 612 PC,Medium Format 6x12,Panoramic,Large Format 4x5,interchangeable,
Linhof,Technorama 617S III,Panoramic 6x17,Panoramic,Large Format 4x5,interchangeable,
Linhof,Technika III,Large Format 4x5,Field Camera,Large Format 4x5,interchangeable,
Linhof,Technika IV,Large Format 4x5,Field Camera,Large Format 4x5,interchangeable,
Linhof,Technika Master 45,Large Format 4x5,Field Camera,Large Format 4x5,interchangeable,
Linhof,Technika V,Large Format 4x5,Field Camera,Large Format 4x5,interchangeable,
Lomography,Belair,Medium Format 6x12,Folding,,fixed,
Lomography,Diana Instant Square,Instax Square,Toy Camera,,fixed,
Lomography,Fisheye,35mm,Compact,,fixed,
Lomography,Konstruktor,35mm,SLR (DIY),Pentax K,interchangeable,
Lomography,LC-A+,35mm,Compact,,fixed,Minitar-1 32mm f/2.8
Lomography,LC-Wide,35mm,Compact,,fixed,Minigon 17mm f/4.5
Lomography,Lomo LC-A,35mm,Compact,,fixed,Minitar-1 32mm f/2.8
Lomography,Lomo'Instant Automat,Instax Mini,Instant,,fixed,
Lomography,Lomo'Instant Wide,Instax Wide,Instant,,fixed,
Lomography,LomoApparat,35mm,Compact,,fixed,
Lomography,Simple Use Film Camera,35mm,Reusable/Disposable,,fixed,
Lomography,Sprocket Rocket,35mm Panoramic,Panoramic,,fixed,
Lubitel,166+,Medium Format 6x6,TLR,,fixed,
Lubitel,2,Medium Format 6x6,TLR,,fixed,
Mamiya,23,Medium Format 6x9,Press,Large Format 4x5,interchangeable,
Mamiya,6,Medium Format 6x6,Rangefinder,Mamiya 6,interchangeable,
Mamiya,6 MF,Medium Format 6x6,Rangefinder,Mamiya 6,interchangeable,
Mamiya,645 1000S,Medium Format 645,SLR,Mamiya 645,interchangeable,
Mamiya,645 AF,Medium Format 645,SLR,Mamiya 645,interchangeable,
Mamiya,645 AFD,Medium Format 645,SLR,Mamiya 645,interchangeable,
Mamiya,645 AFD II,Medium Format 645,SLR,Mamiya 645,interchangeable,
Mamiya,645 Pro,Medium Format 645,SLR,Mamiya 645,interchangeable,
Mamiya,645 Pro TL,Medium Format 645,SLR,Mamiya 645,interchangeable,
Mamiya,645 Super,Medium Format 645,SLR,Mamiya 645,interchangeable,
Mamiya,7,Medium Format 6x7,Rangefinder,Mamiya 7,interchangeable,
Mamiya,7 II,Medium Format 6x7,Rangefinder,Mamiya 7,interchangeable,
Mamiya,C220,Medium Format 6x6,TLR,Mamiya TLR,interchangeable,
Mamiya,C220F,Medium Format 6x6,TLR,Mamiya TLR,interchangeable,
Mamiya,C33,Medium Format 6x6,TLR,Mamiya TLR,interchangeable,
Mamiya,C330,Medium Format 6x6,TLR,Mamiya TLR,interchangeable,
Mamiya,C330S,Medium Format 6x6,TLR,Mamiya TLR,interchangeable,
Mamiya,C330f,Medium Format 6x6,TLR,Mamiya TLR,interchangeable,
Mamiya,DSX 1000,35mm,SLR,M42,interchangeable,
Mamiya,M645,Medium Format 645,SLR,Mamiya 645,interchangeable,
Mamiya,M645 1000S,Medium Format 645,SLR,Mamiya 645,interchangeable,
Mamiya,M645 Super,Medium Format 645,SLR,Mamiya 645,interchangeable,
Mamiya,M645J,Medium Format 645,SLR,Mamiya 645,interchangeable,
Mamiya,MSX 500,35mm,SLR,M42,interchangeable,
Mamiya,NC1000,35mm,SLR,Mamiya ZE,interchangeable,
Mamiya,Press,Medium Format 6x9,Press,Large Format 4x5,interchangeable,
Mamiya,Press Super 23,Medium Format 6x9,Press,Large Format 4x5,interchangeable,
Mamiya,RB67 Pro,Medium Format 6x7,SLR,Mamiya RB/RZ67,interchangeable,
Mamiya,RB67 Pro-S,Medium Format 6x7,SLR,Mamiya RB/RZ67,interchangeable,
Mamiya,RB67 Pro-SD,Medium Format 6x7,SLR,Mamiya RB/RZ67,interchangeable,
Mamiya,RZ67 Pro,Medium Format 6x7,SLR,Mamiya RB/RZ67,interchangeable,
Mamiya,RZ67 Pro II,Medium Format 6x7,SLR,Mamiya RB/RZ67,interchangeable,
Mamiya,RZ67 Pro IID,Medium Format 6x7,SLR,Mamiya RB/RZ67,interchangeable,
Mamiya,Universal / Press,Medium Format 6x9,Press,Large Format 4x5,interchangeable,
Mamiya,ZE,35mm,SLR,Mamiya ZE,interchangeable,
Mamiya,ZE-2,35mm,SLR,Mamiya ZE,interchangeable,
Mamiya,ZE-X,35mm,SLR,Mamiya ZE,interchangeable,
Mamiya,ZM,35mm,SLR,Mamiya ZE,interchangeable,
Meridian,45B,Large Format 4x5,Press,Large Format 4x5,interchangeable,
MiNT,InstantKon RF70,Instax Wide,Instant Rangefinder,,fixed,
MiNT,InstantKon SF70,Instax Square,Instant,,fixed,95mm f/5.6
MiNT,Instantflex TL70 2.0,Instax Mini,Instant TLR,,fixed,
MiNT,SLR 670-S,600,SLR,,fixed,
Minolta,7000 / Maxxum 7000,35mm,SLR,Minolta A (Sony Alpha),interchangeable,
Minolta,9000 / Maxxum 9000,35mm,SLR,Minolta A (Sony Alpha),interchangeable,
Minolta,A5,35mm,Rangefinder,,fixed,
Minolta,AF-C,35mm,Point & Shoot,,fixed,
Minolta,AL-F,35mm,Rangefinder,,fixed,
Minolta,Autocord,Medium Format 6x6,TLR,,fixed,Rokkor 75mm f/3.5
Minolta,Autocord CdS,Medium Format 6x6,TLR,,fixed,
Minolta,CLE,35mm,Rangefinder,Leica M,interchangeable,
Minolta,Freedom Zoom 105i,35mm,Point & Shoot,,fixed,
Minolta,Freedom Zoom 130,35mm,Point & Shoot,,fixed,
Minolta,Freedom Zoom 150,35mm,Point & Shoot,,fixed,
Minolta,Freedom Zoom 70EX,35mm,Point & Shoot,,fixed,
Minolta,Freedom Zoom Explorer,35mm,Point & Shoot,,fixed,
Minolta,Hi-Matic 7s,35mm,Rangefinder,,fixed,45mm f/1.8
Minolta,Hi-Matic 9,35mm,Rangefinder,,fixed,45mm f/1.7
Minolta,Hi-Matic AF2,35mm,Point & Shoot,,fixed,
Minolta,Hi-Matic F,35mm,Rangefinder,,fixed,38mm f/2.7
Minolta,Maxxum 3000i,35mm,SLR,Minolta A (Sony Alpha),interchangeable,
Minolta,Maxxum 3xi,35mm,SLR,Minolta A (Sony Alpha),interchangeable,
Minolta,Maxxum 5 / Dynax 5,35mm,SLR,Minolta A (Sony Alpha),interchangeable,
Minolta,Maxxum 50 / Dynax 40,35mm,SLR,Minolta A (Sony Alpha),interchangeable,
Minolta,Maxxum 5000,35mm,SLR,Minolta A (Sony Alpha),interchangeable,
Minolta,Maxxum 7,35mm,SLR,Minolta A (Sony Alpha),interchangeable,
Minolta,Maxxum 7xi,35mm,SLR,Minolta A (Sony Alpha),interchangeable,
Minolta,Maxxum 8000i,35mm,SLR,Minolta A (Sony Alpha),interchangeable,
Minolta,Maxxum 9 / Dynax 9,35mm,SLR,Minolta A (Sony Alpha),interchangeable,
Minolta,Maxxum 9xi,35mm,SLR,Minolta A (Sony Alpha),interchangeable,
Minolta,Maxxum HTsi Plus,35mm,SLR,Minolta A (Sony Alpha),interchangeable,
Minolta,Prod 20s,35mm,Point & Shoot,,fixed,
Minolta,Riva Zoom 70W,35mm,Point & Shoot,,fixed,
Minolta,SR-1,35mm,SLR,Minolta MC/MD,interchangeable,
Minolta,SR-2,35mm,SLR,Minolta MC/MD,interchangeable,
Minolta,SR-7,35mm,SLR,Minolta MC/MD,interchangeable,
Minolta,SR-T 303 / SR-T Super,35mm,SLR,Minolta MC/MD,interchangeable,
Minolta,SRT 101,35mm,SLR,Minolta MC/MD,interchangeable,
Minolta,SRT 102 / SRT Super,35mm,SLR,Minolta MC/MD,interchangeable,
Minolta,SRT 201,35mm,SLR,Minolta MC/MD,interchangeable,
Minolta,SRT MC-II,35mm,SLR,Minolta MC/MD,interchangeable,
Minolta,TC-1,35mm,Point & Shoot,,fixed,G-Rokkor 28mm f/3.5
Minolta,Vectis S-1,APS,SLR,,fixed,
Minolta,X-300 / X-370,35mm,SLR,Minolta MC/MD,interchangeable,
Minolta,X-300s,35mm,SLR,Minolta MC/MD,interchangeable,
Minolta,X-500 / X-570,35mm,SLR,Minolta MC/MD,interchangeable,
Minolta,X-600 / X-500,35mm,SLR,Minolta MC/MD,interchangeable,
Minolta,X-700,35mm,SLR,Minolta MC/MD,interchangeable,
Minolta,X-9 / X-300s,35mm,SLR,Minolta MC/MD,interchangeable,
Minolta,XD-7 / XD-11,35mm,SLR,Minolta MC/MD,interchangeable,
Minolta,XE-7,35mm,SLR,Minolta MC/MD,interchangeable,
Minolta,XG-1,35mm,SLR,Minolta MC/MD,interchangeable,
Minolta,XG-7,35mm,SLR,Minolta MC/MD,interchangeable,
Minolta,XG-M,35mm,SLR,Minolta MC/MD,interchangeable,
Minox,35GT,35mm,Compact,,fixed,35mm f/2.8
Minox,35ML,35mm,Compact,,fixed,
Minox,B,Subminiature,Subminiature,,fixed,
Minox,C,Subminiature,Subminiature,,fixed,
Minox,EC,Subminiature,Subminiature,,fixed,
Minox,LX,Subminiature,Subminiature,,fixed,
Minox,TLX,Subminiature,Subminiature,,fixed,
Miranda,Automex III,35mm,SLR,Miranda,interchangeable,
Miranda,DR,35mm,SLR,Miranda,interchangeable,
Miranda,RE-II,35mm,SLR,Miranda,interchangeable,
Miranda,Sensorex,35mm,SLR,Miranda,interchangeable,
Miranda,Sensorex II,35mm,SLR,Miranda,interchangeable,
Miranda,dx-3,35mm,SLR,Miranda,interchangeable,
Nagaoka,4x5,Large Format 4x5,Field Camera,Large Format 4x5,interchangeable,
Nikon,28Ti,35mm,Compact Rangefinder,,fixed,Nikkor 28mm f/2.8
Nikon,35Ti,35mm,Compact Rangefinder,,fixed,Nikkor 35mm f/2.8
Nikon,AF600 / Lite Touch,35mm,Point & Shoot,,fixed,Nikkor 28mm f/3.5
Nikon,AW35 / Nuvis S,APS,Point & Shoot,,fixed,
Nikon,EL2,35mm,SLR,Nikon F,interchangeable,
Nikon,EM,35mm,SLR,Nikon F,interchangeable,
Nikon,F,35mm,SLR,Nikon F,interchangeable,
Nikon,F100,35mm,SLR,Nikon F,interchangeable,
Nikon,F2,35mm,SLR,Nikon F,interchangeable,
Nikon,F2 Photomic,35mm,SLR,Nikon F,interchangeable,
Nikon,F2A,35mm,SLR,Nikon F,interchangeable,
Nikon,F2AS,35mm,SLR,Nikon F,interchangeable,
Nikon,F3,35mm,SLR,Nikon F,interchangeable,
Nikon,F3AF,35mm,SLR,Nikon F,interchangeable,
Nikon,F3HP,35mm,SLR,Nikon F,interchangeable,
Nikon,F3P,35mm,SLR,Nikon F,interchangeable,
Nikon,F3T,35mm,SLR,Nikon F,interchangeable,
Nikon,F4,35mm,SLR,Nikon F,interchangeable,
Nikon,F4S,35mm,SLR,Nikon F,interchangeable,
Nikon,F5,35mm,SLR,Nikon F,interchangeable,
Nikon,F55 / N55,35mm,SLR,Nikon F,interchangeable,
Nikon,F6,35mm,SLR,Nikon F,interchangeable,
Nikon,F65 / N65,35mm,SLR,Nikon F,interchangeable,
Nikon,F75 / N75,35mm,SLR,Nikon F,interchangeable,
Nikon,F80 / N80,35mm,SLR,Nikon F,interchangeable,
Nikon,F90X / N90s,35mm,SLR,Nikon F,interchangeable,
Nikon,FA,35mm,SLR,Nikon F,interchangeable,
Nikon,FE,35mm,SLR,Nikon F,interchangeable,
Nikon,FE10,35mm,SLR,Nikon F,interchangeable,
Nikon,FE2,35mm,SLR,Nikon F,interchangeable,
Nikon,FG,35mm,SLR,Nikon F,interchangeable,
Nikon,FG-20,35mm,SLR,Nikon F,interchangeable,
Nikon,FM,35mm,SLR,Nikon F,interchangeable,
Nikon,FM10,35mm,SLR,Nikon F,interchangeable,
Nikon,FM2,35mm,SLR,Nikon F,interchangeable,
Nikon,FM2n,35mm,SLR,Nikon F,interchangeable,
Nikon,FM3A,35mm,SLR,Nikon F,interchangeable,
Nikon,Fun Touch,35mm,Point & Shoot,,fixed,
Nikon,L35AF,35mm,Point & Shoot,,fixed,Nikkor 35mm f/2.8
Nikon,L35AF2 / One Touch,35mm,Point & Shoot,,fixed,
Nikon,Lite Touch 120 ED,35mm,Point & Shoot,,fixed,
Nikon,Lite Touch Zoom,35mm,Point & Shoot,,fixed,
Nikon,Lite Touch Zoom 70W,35mm,Point & Shoot,,fixed,
Nikon,N2000 / F-301,35mm,SLR,Nikon F,interchangeable,
Nikon,N2020 / F-501,35mm,SLR,Nikon F,interchangeable,
Nikon,N4004 / F-401,35mm,SLR,Nikon F,interchangeable,
Nikon,N50 / F50,35mm,SLR,Nikon F,interchangeable,
Nikon,N60 / F60,35mm,SLR,Nikon F,interchangeable,
Nikon,N6006 / F-601,35mm,SLR,Nikon F,interchangeable,
Nikon,N70 / F70,35mm,SLR,Nikon F,interchangeable,
Nikon,N8008 / F-801,35mm,SLR,Nikon F,interchangeable,
Nikon,N8008s / F-801s,35mm,SLR,Nikon F,interchangeable,
Nikon,Nikomat EL / Nikkormat EL,35mm,SLR,Nikon F,interchangeable,
Nikon,Nikomat ELW / Nikkormat ELW,35mm,SLR,Nikon F,interchangeable,
Nikon,Nikomat FT2 / Nikkormat FT2,35mm,SLR,Nikon F,interchangeable,
Nikon,Nikomat FT3 / Nikkormat FT3,35mm,SLR,Nikon F,interchangeable,
Nikon,Nikomat FTN / Nikkormat FTN,35mm,SLR,Nikon F,interchangeable,
Nikon,Nikonos III,35mm,Underwater,,fixed,
Nikon,Nikonos V,35mm,Underwater,,fixed,
Nikon,One Touch Zoom 90s,35mm,Point & Shoot,,fixed,
Nikon,Photomic FTn,35mm,SLR,Nikon F,interchangeable,
Nikon,Pronea 600i,APS,SLR,Nikon F,interchangeable,
Nikon,Pronea S,APS,SLR,Nikon F,interchangeable,
Nikon,S,35mm,Rangefinder,Nikon S,interchangeable,
Nikon,S2,35mm,Rangefinder,Nikon S,interchangeable,
Nikon,S3,35mm,Rangefinder,Nikon S,interchangeable,
Nikon,S4,35mm,Rangefinder,Nikon S,interchangeable,
Nikon,SP,35mm,Rangefinder,Nikon S,interchangeable,
Nikon,TW Zoom 85,35mm,Point & Shoot,,fixed,
Nikon,TW20 / TW2,35mm,Point & Shoot,,fixed,
Nikon,U / F65,35mm,SLR,Nikon F,interchangeable,
Nikon,U2 / F75,35mm,SLR,Nikon F,interchangeable,
Nikon,W35 / AD,35mm,Point & Shoot,,fixed,
Nikon,Zoom 310 AF,35mm,Point & Shoot,,fixed,
Nikon,Zoom 400 AF,35mm,Point & Shoot,,fixed,
Nikon,Zoom 700VR,35mm,Point & Shoot,,fixed,
Nikon,Zoom Touch 400/500/800,35mm,Point & Shoot,,fixed,
Nimslo,3D,35mm,3D/Lenticular,,fixed,
Noblex,135U,35mm Panoramic,Panoramic,,fixed,
Noblex,150F,Medium Format 6x12,Panoramic,,fixed,
Noblex,150UBS,Medium Format 6x12,Panoramic,,fixed,
Noblex,Pro 175,Panoramic 6x17,Panoramic,,fixed,
Norita,66,Medium Format 6x6,SLR,Norita 66,interchangeable,
Olympus,35 EC,35mm,Rangefinder,,fixed,
Olympus,35LC,35mm,Rangefinder,,fixed,
Olympus,35RC,35mm,Rangefinder,,fixed,
Olympus,35RD,35mm,Rangefinder,,fixed,40mm f/1.7
Olympus,35SP,35mm,Rangefinder,,fixed,42mm f/1.7
Olympus,AF-10 Super,35mm,Point & Shoot,,fixed,
Olympus,AZ-1 Zoom,35mm,Point & Shoot,,fixed,
Olympus,IS-1,35mm,Bridge Camera,,fixed,
Olympus,IS-10,35mm,Bridge Camera,,fixed,
Olympus,IS-20,35mm,Bridge Camera,,fixed,
Olympus,IS-3 DLX,35mm,Bridge Camera,,fixed,
Olympus,IS-300,35mm,Bridge Camera,,fixed,
Olympus,Infinity Jr.,35mm,Point & Shoot,,fixed,
Olympus,Infinity Stylus,35mm,Point & Shoot,,fixed,
Olympus,LT-1 / Infinity LT-1,35mm,Point & Shoot,,fixed,35mm f/3.5
Olympus,OM-1,35mm,SLR,Olympus OM,interchangeable,
Olympus,OM-1 MD,35mm,SLR,Olympus OM,interchangeable,
Olympus,OM-10,35mm,SLR,Olympus OM,interchangeable,
Olympus,OM-1n,35mm,SLR,Olympus OM,interchangeable,
Olympus,OM-2,35mm,SLR,Olympus OM,interchangeable,
Olympus,OM-20 / OM-G,35mm,SLR,Olympus OM,interchangeable,
Olympus,OM-2000,35mm,SLR,Olympus OM,interchangeable,
Olympus,OM-2SP,35mm,SLR,Olympus OM,interchangeable,
Olympus,OM-2n,35mm,SLR,Olympus OM,interchangeable,
Olympus,OM-3,35mm,SLR,Olympus OM,interchangeable,
Olympus,OM-30 / OM-F,35mm,SLR,Olympus OM,interchangeable,
Olympus,OM-3Ti,35mm,SLR,Olympus OM,interchangeable,
Olympus,OM-4,35mm,SLR,Olympus OM,interchangeable,
Olympus,OM-40 / OM-PC,35mm,SLR,Olympus OM,interchangeable,
Olympus,OM-4Ti,35mm,SLR,Olympus OM,interchangeable,
Olympus,OM-707 / OM-77AF,35mm,SLR,Olympus OM,interchangeable,
Olympus,OM-77AF / OM-707,35mm,SLR,Olympus OM,interchangeable,
Olympus,Pen,Half-frame,Compact,,fixed,
Olympus,Pen D,Half-frame,Compact,,fixed,
Olympus,Pen D3,Half-frame,Compact,,fixed,
Olympus,Pen EE,Half-frame,Compact,,fixed,
Olympus,Pen EE-3,Half-frame,Compact,,fixed,
Olympus,Pen EE-S,Half-frame,Compact,,fixed,
Olympus,Pen F,Half-frame,SLR,Olympus OM,interchangeable,
Olympus,Pen FT,Half-frame,SLR,Olympus OM,interchangeable,
Olympus,Pen FV,Half-frame,SLR,Olympus OM,interchangeable,
Olympus,Pen W,Half-frame,Compact,,fixed,
Olympus,Stylus / mju,35mm,Point & Shoot,,fixed,Zuiko 35mm f/3.5
Olympus,Stylus Epic / mju II,35mm,Point & Shoot,,fixed,Zuiko 35mm f/2.8
Olympus,Stylus Epic Zoom 80 / mju Zoom,35mm,Point & Shoot,,fixed,
Olympus,Stylus Zoom / mju Zoom,35mm,Point & Shoot,,fixed,
Olympus,Stylus Zoom 140 / mju Zoom 140,35mm,Point & Shoot,,fixed,
Olympus,Supertrip,35mm,Compact,,fixed,
Olympus,Trip 35,35mm,Compact,,fixed,Zuiko 40mm f/2.8
Olympus,XA,35mm,Compact Rangefinder,,fixed,Zuiko 35mm f/2.8
Olympus,XA2,35mm,Compact,,fixed,Zuiko 35mm f/3.5
Olympus,XA3,35mm,Compact,,fixed,Zuiko 35mm f/3.5
Olympus,XA4,35mm,Compact,,fixed,Zuiko 28mm f/3.5
Olympus,mju III 120,35mm,Point & Shoot,,fixed,
Olympus,mju III 80,35mm,Point & Shoot,,fixed,
Ondu,135 Pinhole,35mm,Pinhole,,fixed,
Ondu,6x12 Pinhole,Medium Format 6x12,Pinhole,,fixed,
Ondu,6x6 Pinhole,Medium Format 6x6,Pinhole,,fixed,
Panon,Widelux 1500,Medium Format 6x12,Panoramic,,fixed,
Pentacon,Prakti Six,Medium Format 6x6,SLR,Pentacon Six,interchangeable,
Pentacon,Six,Medium Format 6x6,SLR,Pentacon Six,interchangeable,
Pentacon,Six TL,Medium Format 6x6,SLR,Pentacon Six,interchangeable,
Pentacon,Super,35mm,SLR,M42,interchangeable,
Pentax,17,Half-frame,Point & Shoot,,fixed,
Pentax,645,Medium Format 645,SLR,Pentax 645,interchangeable,
Pentax,645N,Medium Format 645,SLR,Pentax 645,interchangeable,
Pentax,645NII,Medium Format 645,SLR,Pentax 645,interchangeable,
Pentax,67,Medium Format 6x7,SLR,Pentax 67,interchangeable,
Pentax,67 (35mm Pano Adapter),35mm Panoramic,SLR,Pentax 67,interchangeable,
Pentax,67II,Medium Format 6x7,SLR,Pentax 67,interchangeable,
Pentax,67II (35mm Pano Adapter),35mm Panoramic,SLR,Pentax 67,interchangeable,
Pentax,Auto 110,110,SLR,Pentax K,interchangeable,
Pentax,Auto 110 Super,110,SLR,Pentax K,interchangeable,
Pentax,ES / ES II,35mm,SLR,Pentax K,interchangeable,
Pentax,Espio 115G / IQZoom 115G,35mm,Point & Shoot,,fixed,
Pentax,Espio 140 / IQZoom 140,35mm,Point & Shoot,,fixed,
Pentax,Espio 170SL,35mm,Point & Shoot,,fixed,
Pentax,Espio 738G / IQZoom 738,35mm,Point & Shoot,,fixed,
Pentax,Espio 80 / IQZoom 80,35mm,Point & Shoot,,fixed,
Pentax,Espio 928 / IQZoom 928,35mm,Point & Shoot,,fixed,
Pentax,Espio Mini / UC-1,35mm,Point & Shoot,,fixed,Pentax 32mm f/3.5
Pentax,K1000,35mm,SLR,Pentax K,interchangeable,
Pentax,KM,35mm,SLR,Pentax K,interchangeable,
Pentax,KX,35mm,SLR,Pentax K,interchangeable,
Pentax,LX,35mm,SLR,Pentax K,interchangeable,
Pentax,ME,35mm,SLR,Pentax K,interchangeable,
Pentax,ME Super,35mm,SLR,Pentax K,interchangeable,
Pentax,MG,35mm,SLR,Pentax K,interchangeable,
Pentax,MV1,35mm,SLR,Pentax K,interchangeable,
Pentax,MX,35mm,SLR,Pentax K,interchangeable,
Pentax,MZ-10 / ZX-10,35mm,SLR,Pentax K,interchangeable,
Pentax,MZ-3,35mm,SLR,Pentax K,interchangeable,
Pentax,MZ-30 / ZX-30,35mm,SLR,Pentax K,interchangeable,
Pentax,MZ-5 / ZX-5,35mm,SLR,Pentax K,interchangeable,
Pentax,MZ-50 / ZX-50,35mm,SLR,Pentax K,interchangeable,
Pentax,MZ-5n / ZX-5n,35mm,SLR,Pentax K,interchangeable,
Pentax,MZ-60 / ZX-60,35mm,SLR,Pentax K,interchangeable,
Pentax,MZ-7 / ZX-7,35mm,SLR,Pentax K,interchangeable,
Pentax,MZ-M / ZX-M,35mm,SLR,Pentax K,interchangeable,
Pentax,MZ-S,35mm,SLR,Pentax K,interchangeable,
Pentax,P30 / P3,35mm,SLR,Pentax K,interchangeable,
Pentax,P30 / P3n,35mm,SLR,Pentax K,interchangeable,
Pentax,P50 / P5,35mm,SLR,Pentax K,interchangeable,
Pentax,PC35AF,35mm,Point & Shoot,,fixed,
Pentax,PC35AF-M / M Date,35mm,Point & Shoot,,fixed,
Pentax,Program A / Program Plus,35mm,SLR,Pentax K,interchangeable,
Pentax,S1a,35mm,SLR,M42,interchangeable,
Pentax,SF7 / SF-1,35mm,SLR,Pentax K,interchangeable,
Pentax,SFXn / SF-1n,35mm,SLR,Pentax K,interchangeable,
Pentax,SV,35mm,SLR,M42,interchangeable,
Pentax,Spotmatic,35mm,SLR,M42,interchangeable,
Pentax,Spotmatic F,35mm,SLR,M42,interchangeable,
Pentax,Spotmatic II,35mm,SLR,M42,interchangeable,
Pentax,Super A / Super Program,35mm,SLR,Pentax K,interchangeable,
Pentax,Z-1 / PZ-1,35mm,SLR,Pentax K,interchangeable,
Pentax,Z-1p / PZ-1p,35mm,SLR,Pentax K,interchangeable,
Pentax,istDL,35mm,SLR,Pentax K,interchangeable,
Petri,35 2.8,35mm,Rangefinder,,fixed,
Petri,7,35mm,Rangefinder,,fixed,45mm f/1.8
Petri,Color 35,35mm,Compact,,fixed,40mm f/2.8
Petri,Color 35E,35mm,Compact,,fixed,
Petri,FT II,35mm,SLR,Petri,interchangeable,
Petri,FTE,35mm,SLR,Petri,interchangeable,
Petri,GX-1,35mm,SLR,Petri,interchangeable,
Petri,MF-1,35mm,SLR,Petri,interchangeable,
Phillips,Explorer 4x5,Large Format 4x5,Field Camera,Large Format 4x5,interchangeable,
Phoenix,DC303K,35mm,SLR,Pentax K,interchangeable,
Plaubel,Makina 67,Medium Format 6x7,Folding Rangefinder,,fixed,80mm f/2.8
Plaubel,Makina 670,Medium Format 6x7,Folding Rangefinder,,fixed,
Plaubel,Makina W67,Medium Format 6x7,Folding Rangefinder,,fixed,
Polaroid,110A/110B,Instant (Peel-apart),Folding Rangefinder,,fixed,
Polaroid,195,Instant (Peel-apart),Folding Rangefinder,,fixed,
Polaroid,680 / SLR 680,600,SLR,,fixed,
Polaroid,690 / SLR 690,600,SLR,,fixed,
Polaroid,Flip,i-Type,Point & Shoot,,fixed,
Polaroid,Go,Go,Point & Shoot,,fixed,
Polaroid,I-2,i-Type,Point & Shoot,,fixed,
Polaroid,Impulse,600,Point & Shoot,,fixed,
Polaroid,Lab,i-Type,Printer/Camera,,fixed,
Polaroid,Land Camera 250,Instant (Peel-apart),Folding,,fixed,
Polaroid,Land Camera 350,Instant (Peel-apart),Folding,,fixed,
Polaroid,Land Camera 450,Instant (Peel-apart),Folding,,fixed,
Polaroid,Land Camera 95,Instant (Peel-apart),Folding,,fixed,
Polaroid,Now,i-Type,Point & Shoot,,fixed,
Polaroid,Now+,i-Type,Point & Shoot,,fixed,
Polaroid,OneStep 2,i-Type,Point & Shoot,,fixed,
Polaroid,OneStep 600,600,Point & Shoot,,fixed,
Polaroid,OneStep+,i-Type,Point & Shoot,,fixed,
Polaroid,SX-70,SX-70,SLR,,fixed,
Polaroid,SX-70 Sonar,SX-70,SLR,,fixed,
Polaroid,Spectra / Image,Spectra,Point & Shoot,,fixed,
Polaroid,Spirit 600,600,Point & Shoot,,fixed,
Polaroid,Sun 600,600,Point & Shoot,,fixed,
Praktica,B200,35mm,SLR,M42,interchangeable,
Praktica,BC1,35mm,SLR,M42,interchangeable,
Praktica,BCA,35mm,SLR,M42,interchangeable,
Praktica,BMS,35mm,SLR,M42,interchangeable,
Praktica,BX20,35mm,SLR,M42,interchangeable,
Praktica,EE2,35mm,SLR,M42,interchangeable,
Praktica,L,35mm,SLR,M42,interchangeable,
Praktica,LLC,35mm,SLR,M42,interchangeable,
Praktica,LTL,35mm,SLR,M42,interchangeable,
Praktica,MTL3,35mm,SLR,M42,interchangeable,
Praktica,MTL5,35mm,SLR,M42,interchangeable,
Praktica,PLC3,35mm,SLR,M42,interchangeable,
Praktica,Super TL,35mm,SLR,M42,interchangeable,
Reto,3D,35mm,3D/Lenticular,,fixed,
Reto,Project 001,35mm,Reusable P&S,,fixed,
Reto,Ultra Wide & Slim,35mm,Compact,,fixed,
Ricoh,35 Flex,35mm,Rangefinder,,fixed,
Ricoh,500G,35mm,Rangefinder,,fixed,40mm f/2.8
Ricoh,500GX,35mm,Rangefinder,,fixed,
Ricoh,Auto 35,35mm,Rangefinder,,fixed,
Ricoh,FF-1,35mm,Point & Shoot,,fixed,
Ricoh,FF-3 AF,35mm,Point & Shoot,,fixed,
Ricoh,FF-70,35mm,Point & Shoot,,fixed,
Ricoh,GR1,35mm,Point & Shoot,,fixed,GR 28mm f/2.8
Ricoh,GR1s,35mm,Point & Shoot,,fixed,GR 28mm f/2.8
Ricoh,GR1v,35mm,Point & Shoot,,fixed,GR 28mm f/2.8
Ricoh,GR21,35mm,Point & Shoot,,fixed,GR 21mm f/3.5
Ricoh,KR-10 Super,35mm,SLR,Pentax K,interchangeable,
Ricoh,KR-30sp,35mm,SLR,Pentax K,interchangeable,
Ricoh,KR-5,35mm,SLR,Pentax K,interchangeable,
Ricoh,R1,35mm,Point & Shoot,,fixed,30mm f/3.5
Ricoh,R10,35mm,Point & Shoot,,fixed,
Ricoh,Ricohflex Dia,Medium Format 6x6,TLR,,fixed,
Ricoh,Singlex TLS,35mm,SLR,Pentax K,interchangeable,
Ricoh,TLS 401,35mm,SLR,Pentax K,interchangeable,
Ricoh,XR-1,35mm,SLR,Pentax K,interchangeable,
Ricoh,XR-10,35mm,SLR,Pentax K,interchangeable,
Ricoh,XR-2,35mm,SLR,Pentax K,interchangeable,
Ricoh,XR-500,35mm,SLR,Pentax K,interchangeable,
Ricoh,XR-7 / KR-5 Super,35mm,SLR,Pentax K,interchangeable,
Ricoh,XR-P,35mm,SLR,Pentax K,interchangeable,
Robot,Star,35mm (24x24),Compact,,fixed,
Rollei,35,35mm,Compact,,fixed,Carl Zeiss Tessar 40mm f/3.5
Rollei,35S,35mm,Compact,,fixed,Carl Zeiss Sonnar 40mm f/2.8
Rollei,35SE,35mm,Compact,,fixed,Carl Zeiss Sonnar 40mm f/2.8
Rollei,35T,35mm,Compact,,fixed,Carl Zeiss Tessar 40mm f/3.5
Rollei,35TE,35mm,Compact,,fixed,Carl Zeiss Tessar 40mm f/3.5
Rollei,Magic,Medium Format 6x6,TLR,,fixed,
Rollei,T (Grey),Medium Format 6x6,TLR,,fixed,
Rolleicord,III,Medium Format 6x6,TLR,,fixed,
Rolleicord,IV,Medium Format 6x6,TLR,,fixed,
Rolleicord,V,Medium Format 6x6,TLR,,fixed,
Rolleicord,Va,Medium Format 6x6,TLR,,fixed,
Rolleicord,Vb,Medium Format 6x6,TLR,,fixed,
Rolleiflex,2.8E,Medium Format 6x6,TLR,,fixed,Carl Zeiss Planar 80mm f/2.8
Rolleiflex,2.8F,Medium Format 6x6,TLR,,fixed,Carl Zeiss Planar 80mm f/2.8
Rolleiflex,2.8FX,Medium Format 6x6,TLR,,fixed,Carl Zeiss Planar 80mm f/2.8
Rolleiflex,2.8GX,Medium Format 6x6,TLR,,fixed,Rollei HFT Planar 80mm f/2.8
Rolleiflex,3.5F,Medium Format 6x6,TLR,,fixed,Carl Zeiss Planar 75mm f/3.5
Rolleiflex,6001/6003/6006/6008,Medium Format 6x6,SLR,Rollei 6000,interchangeable,
Rolleiflex,Automat,Medium Format 6x6,TLR,,fixed,
Rolleiflex,SL66,Medium Format 6x6,SLR,Rolleiflex SL66,interchangeable,
Rolleiflex,SL66E,Medium Format 6x6,SLR,Rolleiflex SL66,interchangeable,
Rolleiflex,SL66SE,Medium Format 6x6,SLR,Rolleiflex SL66,interchangeable,
Rolleiflex,T,Medium Format 6x6,TLR,,fixed,Carl Zeiss Tessar 75mm f/3.5
Salut / Salyut,S,Medium Format 6x6,SLR,Pentacon Six,interchangeable,
Samsung,AF Slim,35mm,Point & Shoot,,fixed,
Samsung,Fino 700 XL,35mm,Point & Shoot,,fixed,
Samsung,Fino 800,35mm,Point & Shoot,,fixed,
Samsung,Slim Zoom 1150,35mm,Point & Shoot,,fixed,
Sea & Sea,MX-10,35mm,Underwater,,fixed,
Seagull,4A,Medium Format 6x6,TLR,,fixed,
Seagull,4B,Medium Format 6x6,TLR,,fixed,
Shen Hao,HZX45-IIA,Large Format 4x5,Field Camera,Large Format 4x5,interchangeable,
Shen Hao,SH617,Panoramic 6x17,Technical Camera,Large Format 4x5,interchangeable,
Shen Hao,TZ45-IIA,Large Format 4x5,Field Camera,Large Format 4x5,interchangeable,
Sigma,SA-300,35mm,SLR,Sigma SA,interchangeable,
Sigma,SA-7,35mm,SLR,Sigma SA,interchangeable,
Sigma,SA-9,35mm,SLR,Sigma SA,interchangeable,
Silvestri,T30,Medium Format 6x9,Technical Camera,Large Format 4x5,interchangeable,
Sinar,A1,Large Format 4x5,Monorail,Large Format 4x5,interchangeable,
Sinar,C,Large Format 4x5,Monorail,Large Format 4x5,interchangeable,
Sinar,F2,Large Format 4x5,Monorail,Large Format 4x5,interchangeable,
Sinar,Norma,Large Format 4x5,Monorail,Large Format 4x5,interchangeable,
Sinar,P,Large Format 4x5,Monorail,Large Format 4x5,interchangeable,
Sinar,P2,Large Format 4x5,Monorail,Large Format 4x5,interchangeable,
Smena,8M,35mm,Compact,,fixed,
Smena,Symbol,35mm,Compact,,fixed,
Stereo Realist,Model 1041,35mm,Stereo,,fixed,
Tachihara,4x5,Large Format 4x5,Field Camera,Large Format 4x5,interchangeable,
Tachihara,8x10,Large Format 8x10,Field Camera,Large Format 8x10,interchangeable,
Taron,35,35mm,Rangefinder,,fixed,
Tessina,35,Subminiature,Subminiature,,fixed,
Topcon,D-1,35mm,SLR,Exakta,interchangeable,
Topcon,IC-1 Auto,35mm,SLR,Exakta,interchangeable,
Topcon,Super D / RE Super,35mm,SLR,Exakta,interchangeable,
Topcon,Super DM,35mm,SLR,Exakta,interchangeable,
Topcon,Unirex,35mm,SLR,Exakta,interchangeable,
Toyo,45A,Large Format 4x5,Field Camera,Large Format 4x5,interchangeable,
Toyo,45AII,Large Format 4x5,Field Camera,Large Format 4x5,interchangeable,
Toyo,45CF,Large Format 4x5,Field Camera,Large Format 4x5,interchangeable,
Toyo,45G / 45GII,Large Format 4x5,Monorail,Large Format 4x5,interchangeable,
Toyo,810G / 810GII,Large Format 8x10,Monorail,Large Format 8x10,interchangeable,
Toyo,View 45G,Large Format 4x5,Monorail,Large Format 4x5,interchangeable,
View-Master Personal,Stereo,35mm (stereo pairs),Stereo,,fixed,
Vivitar,V2000,35mm,SLR,Multi-mount,interchangeable,
Vivitar,V3000s,35mm,SLR,Multi-mount,interchangeable,
Vivitar,V3300SE,35mm,SLR,Multi-mount,interchangeable,
Vivitar,V3800N,35mm,SLR,Multi-mount,interchangeable,
Voigtlander,Bessa 66,Medium Format 6x6,Folding,,fixed,
Voigtlander,Bessa I,Medium Format 6x9,Folding,,fixed,
Voigtlander,Bessa II,Medium Format 6x9,Folding Rangefinder,,fixed,
Voigtlander,Bessa L,35mm,Viewfinder,LTM (L39),interchangeable,
Voigtlander,Bessa R,35mm,Rangefinder,LTM (L39),interchangeable,
Voigtlander,Bessa R2,35mm,Rangefinder,Leica M,interchangeable,
Voigtlander,Bessa R2A,35mm,Rangefinder,Leica M,interchangeable,
Voigtlander,Bessa R2M,35mm,Rangefinder,Leica M,interchangeable,
Voigtlander,Bessa R2S,35mm,Rangefinder,Nikon S,interchangeable,
Voigtlander,Bessa R3A,35mm,Rangefinder,Leica M,interchangeable,
Voigtlander,Bessa R3M,35mm,Rangefinder,Leica M,interchangeable,
Voigtlander,Bessa R4A,35mm,Rangefinder,Leica M,interchangeable,
Voigtlander,Bessa R4M,35mm,Rangefinder,Leica M,interchangeable,
Voigtlander,Bessa T,35mm,Rangefinder,Leica M,interchangeable,
Voigtlander,Brillant,Medium Format 6x6,TLR,,fixed,
Voigtlander,Perkeo,Medium Format 6x6,Folding,,fixed,
Voigtlander,Prominent,35mm,Rangefinder,,fixed,
Voigtlander,Superb,Medium Format 6x6,TLR,,fixed,
Voigtlander,Vitessa,35mm,Rangefinder,,fixed,
Voigtlander,Vito B,35mm,Compact,,fixed,
Voigtlander,Vito II,35mm,Folding,,fixed,
Voigtlander,Vitomatic,35mm,Rangefinder,,fixed,
Walker,Titan SF,Large Format 4x5,Field Camera,Large Format 4x5,interchangeable,
Weltaflex,Weltaflex,Medium Format 6x6,TLR,,fixed,
Werra,1,35mm,Compact,,fixed,
Widelux,F7,35mm Panoramic,Panoramic,,fixed,
Widelux,F8,35mm Panoramic,Panoramic,,fixed,
Wisner,Pocket Expedition,Large Format 4x5,Field Camera,Large Format 4x5,interchangeable,
Wisner,Technical Field 4x5,Large Format 4x5,Field Camera,Large Format 4x5,interchangeable,
Wista,45DX,Large Format 4x5,Field Camera,Large Format 4x5,interchangeable,
Wista,45N,Large Format 4x5,Field Camera,Large Format 4x5,interchangeable,
Wista,45SP,Large Format 4x5,Field Camera,Large Format 4x5,interchangeable,
Wista,RF,Large Format 4x5,Rangefinder,,fixed,
Wista,RF 4x5,Large Format 4x5,Rangefinder,,fixed,
Yashica,12,Medium Format 6x6,TLR,,fixed,
Yashica,44,127 (4x4cm),TLR,,fixed,
Yashica,635,Medium Format 6x6,TLR,,fixed,
Yashica,A,Medium Format 6x6,TLR,,fixed,
Yashica,D,Medium Format 6x6,TLR,,fixed,
Yashica,Electro 35,35mm,Rangefinder,,fixed,
Yashica,Electro 35 CC,35mm,Rangefinder,,fixed,
Yashica,Electro 35 GSN,35mm,Rangefinder,,fixed,
Yashica,Electro 35 GT,35mm,Rangefinder,,fixed,
Yashica,Electro 35 GX,35mm,Rangefinder,,fixed,
Yashica,FR,35mm,SLR,C/Y (Contax/Yashica),interchangeable,
Yashica,FX-3 Super 2000,35mm,SLR,C/Y (Contax/Yashica),interchangeable,
Yashica,FX-7 Super,35mm,SLR,C/Y (Contax/Yashica),interchangeable,
Yashica,FX-D,35mm,SLR,C/Y (Contax/Yashica),interchangeable,
Yashica,J,35mm,Rangefinder,,fixed,
Yashica,Lynx 14,35mm,Rangefinder,,fixed,45mm f/1.4
Yashica,Lynx 5000,35mm,Rangefinder,,fixed,
Yashica,MF-2 Super,35mm,Point & Shoot,,fixed,
Yashica,Mat EM,Medium Format 6x6,TLR,,fixed,
Yashica,Mat-124,Medium Format 6x6,TLR,,fixed,Yashinon 80mm f/3.5
Yashica,Mat-124G,Medium Format 6x6,TLR,,fixed,Yashinon 80mm f/3.5
Yashica,Minister,35mm,Rangefinder,,fixed,
Yashica,T2,35mm,Point & Shoot,,fixed,Carl Zeiss Tessar 35mm f/3.5
Yashica,T3,35mm,Point & Shoot,,fixed,Carl Zeiss Tessar T* 35mm f/2.8
Yashica,T4,35mm,Point & Shoot,,fixed,Carl Zeiss Tessar T* 35mm f/3.5
Zeiss Ikon,Contaflex,35mm,SLR,Contaflex,interchangeable,
Zeiss Ikon,Contarex,35mm,SLR,Contarex,interchangeable,
Zeiss Ikon,Contessa 35,35mm,Folding Rangefinder,,fixed,
Zeiss Ikon,Ikoflex,Medium Format 6x6,TLR,,fixed,
Zeiss Ikon,Ikonta,Medium Format 6x6,Folding,,fixed,
Zeiss Ikon,Mess-Ikonta 524/16,Medium Format 6x6,Folding Rangefinder,,fixed,
Zeiss Ikon,Nettar,Medium Format 6x6,Folding,,fixed,
Zeiss Ikon,Nettar 515/16,Medium Format 6x6,Folding,,fixed,
Zeiss Ikon,Super Ikonta,Medium Format 6x6,Folding Rangefinder,,fixed,
Zeiss Ikon,ZM,35mm,Rangefinder,Leica M,interchangeable,
Zenit,11,35mm,SLR,M42,interchangeable,
Zenit,122,35mm,SLR,M42,interchangeable,
Zenit,12XP / 12SD,35mm,SLR,M42,interchangeable,
Zenit,19,35mm,SLR,M42,interchangeable,
Zenit,212K,35mm,SLR,M42,interchangeable,
Zenit,3M,35mm,SLR,M42,interchangeable,
Zenit,AM,35mm,SLR,M42,interchangeable,
Zenit,Automat,35mm,SLR,M42,interchangeable,
Zenit,B,35mm,SLR,M42,interchangeable,
Zenit,E,35mm,SLR,M42,interchangeable,
Zenit,EM,35mm,SLR,M42,interchangeable,
Zenit,ET,35mm,SLR,M42,interchangeable,
Zenit,KM,35mm,SLR,M42,interchangeable,
Zenit,TTL,35mm,SLR,M42,interchangeable,
Zero Image,Zero 2000,Medium Format 6x6,Pinhole,,fixed,
Zero Image,Zero 45,Large Format 4x5,Pinhole,,fixed,
Zero Image,Zero 69,Medium Format 6x9,Pinhole,,fixed,
Zone VI Studios,Field Camera,Large Format 4x5,Field Camera,Large Format 4x5,interchangeable,
Zorki,1,35mm,Rangefinder,LTM (L39),interchangeable,
Zorki,3,35mm,Rangefinder,LTM (L39),interchangeable,
Zorki,4,35mm,Rangefinder,LTM (L39),interchangeable,
Zorki,4K,35mm,Rangefinder,LTM (L39),interchangeable,
Zorki,6,35mm,Rangefinder,LTM (L39),interchangeable,
dubblefilm,SHOW,35mm,Reusable P&S,,fixed,
Agfa,Clack,Medium Format 6x9,Box Camera,,fixed,
Agfa,Click,Medium Format 6x6,Box Camera,,fixed,
Agfa,Flexilette,35mm,TLR,,fixed,
Agfa,Karat,35mm,Compact,,fixed,
Alpa,11 SI,35mm,SLR,M42,interchangeable,
Ansco,Super Speedex,Medium Format 6x6,Folding Rangefinder,,fixed,
Ansco,Automatic Reflex,Medium Format 6x6,TLR,,fixed,
Bencini,Koroll,Medium Format 6x6,Viewfinder,,fixed,
Bolsey,B2,35mm,Rangefinder,,fixed,
Braun,Paxette,35mm,Rangefinder,,fixed,
Canon,L1,35mm,Rangefinder,LTM (L39),interchangeable,
Canon,L2,35mm,Rangefinder,LTM (L39),interchangeable,
Canon,IVSb2,35mm,Rangefinder,LTM (L39),interchangeable,
Canon,Sure Shot Telemax / Prima Tele,35mm,Point & Shoot,,fixed,
Chinon,CM-7,35mm,SLR,Pentax K,interchangeable,
Chinon,CX,35mm,SLR,Pentax K,interchangeable,
Ciro,35,35mm,Rangefinder,,fixed,
Contax,IIa,35mm,Rangefinder,Contax Rangefinder,interchangeable,
Contax,IIIa,35mm,Rangefinder,Contax Rangefinder,interchangeable,
Cosina,Hi-Lite,35mm,SLR,M42,interchangeable,
Cosina,SL,35mm,SLR,Pentax K,interchangeable,
Deardorff,8x10,Large Format 8x10,Field Camera,Large Format 8x10,interchangeable,
Ebony,23S,Medium Format 6x9,Field Camera,Large Format 4x5,interchangeable,
Exakta,VX IIb,35mm,SLR,Exakta,interchangeable,
Exakta,VX 500,35mm,SLR,Exakta,interchangeable,
FED,Atlas,35mm,Rangefinder,LTM (L39),interchangeable,
FED,Zarya,35mm,Rangefinder,,fixed,
Franka,Solida,Medium Format 6x6,Folding,,fixed,
Fujifilm,Natura Black F1.9,35mm,Point & Shoot,,fixed,
Graflex,Super D,Medium Format 6x6,SLR,Large Format 4x5,interchangeable,
Hasselblad,500ELX,Medium Format 6x6,SLR,Hasselblad V,interchangeable,
Horseman,980,Medium Format 6x9,Press,Large Format 4x5,interchangeable,
Horseman,VH-R,Medium Format 6x9,Field Camera,Large Format 4x5,interchangeable,
Ilford,Advocate,35mm,Rangefinder,,fixed,
Iskra,Iskra,Medium Format 6x6,Folding Rangefinder,,fixed,
Kalimar,SR-200,35mm,SLR,M42,interchangeable,
Kiev,15 TEE,35mm,SLR,Nikon F,interchangeable,
Kiev,30,Subminiature,Subminiature,,fixed,
Konica,IIIA,35mm,Rangefinder,,fixed,
Konica,IIA,35mm,Rangefinder,,fixed,
Konica,Autoreflex T,35mm,SLR,Konica AR,interchangeable,
Konica,Autoreflex T4,35mm,SLR,Konica AR,interchangeable,
Leica,Ic,35mm,Rangefinder,LTM (L39),interchangeable,
Leica,R4s,35mm,SLR,Leica R,interchangeable,
Linhof,Master Technika,Large Format 4x5,Field Camera,Large Format 4x5,interchangeable,
Mamiya,135 EF,35mm,Point & Shoot,,fixed,
Mamiya,Sekor 500 DTL,35mm,SLR,M42,interchangeable,
Mamiya,Sekor 1000 DTL,35mm,SLR,M42,interchangeable,
Mamiya,Sekor 500 TL,35mm,SLR,M42,interchangeable,
Minolta,Autopak 700,126,Compact,,fixed,
Minolta,Repo,Half-frame,Compact,,fixed,
Minolta,SR-3,35mm,SLR,Minolta MC/MD,interchangeable,
Minolta,Maxxum 5000i,35mm,SLR,Minolta A (Sony Alpha),interchangeable,
Minolta,Maxxum 7000i,35mm,SLR,Minolta A (Sony Alpha),interchangeable,
Minox,35PE,35mm,Compact,,fixed,
Minox,35PL,35mm,Compact,,fixed,
Miranda,G,35mm,SLR,Miranda,interchangeable,
Miranda,FvT,35mm,SLR,Miranda,interchangeable,
Nikon,S3 2000,35mm,Rangefinder,Nikon S,interchangeable,
Nikon,Zoom Touch 105,35mm,Point & Shoot,,fixed,
Nikon,Mini AF,35mm,Point & Shoot,,fixed,
Nikon,Lite Touch Zoom 120 ED,35mm,Point & Shoot,,fixed,
Olympus,35DC,35mm,Rangefinder,,fixed,
Olympus,35ECR,35mm,Rangefinder,,fixed,
Olympus,Pen D2,Half-frame,Compact,,fixed,
Olympus,Pen EES,Half-frame,Compact,,fixed,
Olympus,Pen S,Half-frame,Compact,,fixed,
Olympus,Stylus Zoom 115 / mju Zoom 115,35mm,Point & Shoot,,fixed,
Olympus,AF-1 / Infinity,35mm,Point & Shoot,,fixed,
Olympus,AF-1 Super / Infinity Super,35mm,Point & Shoot,,fixed,
Pentax,H3v,35mm,SLR,M42,interchangeable,
Pentax,H1a,35mm,SLR,M42,interchangeable,
Pentax,S3,35mm,SLR,M42,interchangeable,
Pentax,SP 500,35mm,SLR,M42,interchangeable,
Pentax,SP 1000,35mm,SLR,M42,interchangeable,
Pentax,MZ-6 / ZX-L,35mm,SLR,Pentax K,interchangeable,
Pentax,SF-10 / SFX,35mm,SLR,Pentax K,interchangeable,
Praktica,B100,35mm,SLR,Pentax K,interchangeable,
Praktica,LB,35mm,SLR,M42,interchangeable,
Praktica,MTL 50,35mm,SLR,M42,interchangeable,
Praktica,Nova,35mm,SLR,M42,interchangeable,
Praktica,TL,35mm,SLR,M42,interchangeable,
Ricoh,FF-9,35mm,Point & Shoot,,fixed,
Ricoh,Hi-Color 35,35mm,Rangefinder,,fixed,
Ricoh,Shotmaster Zoom,35mm,Point & Shoot,,fixed,
Ricoh,XR-S,35mm,SLR,Pentax K,interchangeable,
Rollei,35 Classic,35mm,Compact,,fixed,
Rollei,B35,35mm,Compact,,fixed,
Rollei,Prego 90,35mm,Point & Shoot,,fixed,
Rolleicord,II,Medium Format 6x6,TLR,,fixed,
Rolleiflex,2.8C,Medium Format 6x6,TLR,,fixed,
Rolleiflex,3.5E,Medium Format 6x6,TLR,,fixed,
Rolleiflex,Standard,Medium Format 6x6,TLR,,fixed,
Samsung,AF Zoom 1050,35mm,Point & Shoot,,fixed,
Samsung,Maxima Zoom 77i,35mm,Point & Shoot,,fixed,
Sears,SL-11,35mm,SLR,Pentax K,interchangeable,
Sigma,SA-5,35mm,SLR,Sigma SA,interchangeable,
Topcon,Uni,35mm,SLR,Exakta,interchangeable,
Topcon,Auto 100,35mm,SLR,Exakta,interchangeable,
Vivitar,220/SL,35mm,SLR,M42,interchangeable,
Vivitar,XV-2,35mm,SLR,Pentax K,interchangeable,
Voigtlander,CLR,35mm,Rangefinder,,fixed,
Voigtlander,Bessamatic,35mm,SLR,DKL,interchangeable,
Voigtlander,Virtus,Medium Format 6x9,Folding,,fixed,
Werra,3,35mm,Rangefinder,,fixed,
Werra,5,35mm,Rangefinder,,fixed,
Yashica,Auto Focus Motor / AF-J,35mm,Point & Shoot,,fixed,
Yashica,EZ Matic,126,Compact,,fixed,
Yashica,FX-1,35mm,SLR,C/Y (Contax/Yashica),interchangeable,
Yashica,FX-3,35mm,SLR,C/Y (Contax/Yashica),interchangeable,
Yashica,FX-103 Program,35mm,SLR,C/Y (Contax/Yashica),interchangeable,
Yashica,FR-I,35mm,SLR,C/Y (Contax/Yashica),interchangeable,
Yashica,FR-II,35mm,SLR,C/Y (Contax/Yashica),interchangeable,
Yashica,T4 Super,35mm,Point & Shoot,,fixed,Carl Zeiss Tessar T* 35mm f/3.5
Yashica,Mat LM,Medium Format 6x6,TLR,,fixed,
Zeiss Ikon,Contessa,35mm,Folding,,fixed,
Zeiss Ikon,Contina,35mm,Compact,,fixed,
Zeiss Ikon,Ikonette,35mm,Compact,,fixed,
Zeiss Ikon,Tenax,35mm,Compact,,fixed,
Zenit,412,35mm,SLR,M42,interchangeable,
Zenit,6,35mm,SLR,M42,interchangeable,
Zorki,2,35mm,Rangefinder,LTM (L39),interchangeable,
Zorki,5,35mm,Rangefinder,LTM (L39),interchangeable,
Zorki,10,35mm,Rangefinder,,fixed,
Zorki,11,35mm,Rangefinder,,fixed,
