lab_name,city,state,country,website,status
Buenos Aires Color,Buenos Aires,Buenos Aires,Argentina,https://www.buenosairescolor.com.ar,active
C41 Photo,Buenos Aires,Buenos Aires,Argentina,https://www.c41.com.ar,active
Labo Los Alos,Buenos Aires,Buenos Aires,Argentina,https://www.instagram.com/labolosalos,active
Luz Roja Film Lab,Buenos Aires,Buenos Aires,Argentina,https://luzrojafilmlab.com.ar/,active
TOKYO Photo Lab,Buenos Aires,Buenos Aires,Argentina,http://www.tokyoshop.com.ar,active
Turista Film Club,Buenos Aires,Buenos Aires,Argentina,https://www.turistafilmclub.com/,active
La Placita Analogica,Béccar,Buenos Aires,Argentina,https://www.instagram.com/laplacitaanalogica,active
Estudio Del Bajo,Rosario,Santa Fe,Argentina,https://www.instagram.com/estudiodelbajo,unverified
Box Photo Laboratory Yerevan,Yerevan,,Armenia,https://www.instagram.com/boxphotolab,unverified
Karmir Film Lab,Yerevan,,Armenia,https://www.karmir.film,unverified
Pro-Am Colour Laboratories,Adamstown,NSW,Australia,https://www.proamlab.com.au,unverified
Rewind Film Lab – Sydney,Alexandria,NSW,Australia,https://www.rewindphotolab.com.au,active
Vision Image Lab,Alexandria,NSW,Australia,https://visionimagelab.com.au,unverified
digiDirect – Bondi,Bondi Junction,NSW,Australia,https://www.digidirect.com.au/store/bondi-junction,active
Bayou Film,Byron Bay,NSW,Australia,http://bayoufilm.com,unverified
Irohas Photo Film Lab – Sydney,Haymarket,NSW,Australia,https://irohasphoto.com.au/pages/irohas-sydney,active
digiDirect – Miranda,Miranda,NSW,Australia,https://www.digidirect.com.au,unverified
digiDirect – Parramatta,Parramatta,NSW,Australia,https://www.digidirect.com.au,unverified
Do Film Lab,Sydney,NSW,Australia,https://dofilmlab.com.au,active
Film Never Die,Sydney,NSW,Australia,https://filmneverdie.com.au,active
SydneySuper8,Sydney,NSW,Australia,https://www.sydneysuper8.com.au,unverified
Rewind Film Lab – Wollongong,Wollongong,NSW,Australia,https://www.rewindphotolab.com.au,unverified
digiDirect – Brisbane,Brisbane,QLD,Australia,https://www.digidirect.com.au,unverified
Fotofast,Taringa,QLD,Australia,https://fotofast.com.au,unverified
Your Local Film Lab,West End,QLD,Australia,https://yourlocalfilmlab.com,unverified
Atkins Lab,Kent Town,SA,Australia,http://atkins.com.au,active
WALKENS House of Film,Fitzroy,VIC,Australia,http://www.walkens.com.au,unverified
digiDirect – Melbourne,Melbourne,VIC,Australia,https://www.digidirect.com.au,active
FilmNeverDie,Melbourne,VIC,Australia,http://filmneverdie.com,unverified
Halide Supply,Melbourne,VIC,Australia,https://www.halidesupply.com,active
Hillvale Photo,Melbourne,VIC,Australia,http://www.hillvale.com.au,active
Irohas Photo Film Lab – Melbourne,Melbourne,VIC,Australia,https://irohasphoto.com.au/pages/irohas-melbourne,active
Lumina Labs,Melbourne,VIC,Australia,https://luminalabs.com.au,unverified
Rewind Film Lab,Melbourne,VIC,Australia,https://rewindfilmlab.com.au,active
Vanbar Imaging,Melbourne,VIC,Australia,http://www.vanbar.com.au,active
Ikigai Film Lab,Williamstown North,VIC,Australia,https://www.ikigaifilmlab.com.au,active
Focus Pocus Film Lab,Fremantle,WA,Australia,http://www.focuspocus.com.au,active
Silver Halide Studios,Mount Lawley,WA,Australia,http://silverhalidestudios.com.au,unverified
digiDirect – Perth,Perth,WA,Australia,http://www.digidirect.com.au,unverified
Irohas Photo Film Lab – Perth,Perth,WA,Australia,https://irohasphoto.com.au/pages/irohas-perth,unverified
Plusfoto,Wilhelmsburg,Lower Austria,Austria,https://plusfoto.at,active
cyberlab,Vienna,Vienna,Austria,https://www.cyberlab.at/,active
Foto Leutner,Vienna,Vienna,Austria,http://fotoleutner.at,active
Garage Film Lab,Vienna,Vienna,Austria,https://garagefilmlab.at,active
UNWIND ~ Film Lab,Vienna,Vienna,Austria,https://www.unwindfilms.at,active
oldcamshop,Antwerpen,,Belgium,https://oldcam.ccvshop.nl,unverified
LABORIVER,Brussels,Brussels-Capital Region,Belgium,https://www.laboriver.be,active
Mori Film Lab,Forest,Brussels-Capital Region,Belgium,https://morifilmlab.com,active
Mori Film Lab Antwerp,Antwerp,Flemish Region,Belgium,https://morifilmlab.com,active
On A Roll Darkroom,Ghent,Flemish Region,Belgium,https://www.instagram.com/onarolldarkroom,active
Noordzee Film Lab,Oostende,West-Vlaanderen,Belgium,https://www.noordzeefilm.be,unverified
Lab 8,Fortaleza,CE,Brazil,https://lab8oito.lojaintegrada.com.br,active
FFV Lab,Belo Horizonte,MG,Brazil,https://festivalfv.com.br,active
Lab:Lab Analógico,Curitiba,PR,Brazil,https://lablab.com.br,active
Cafeína Lab,Niterói,RJ,Brazil,https://www.instagram.com/labcafeina,active
Centro Foto Canetas,Rio de Janeiro,RJ,Brazil,https://www.instagram.com/centrofotocopa,active
Digitall Photo,Rio de Janeiro,RJ,Brazil,http://www.digitallphoto.com.br,active
Santo Lab,Rio de Janeiro,RJ,Brazil,https://www.instagram.com/santolab_,active
Vapt Vupt Lab,Rio de Janeiro,RJ,Brazil,https://www.instagram.com/vaptvuptlab,active
FotoRetro Laboratório,São Paulo,SP,Brazil,https://linktr.ee/fotoretrolab,active
Lab.irinto.lab,São Paulo,SP,Brazil,https://www.instagram.com/lab.irinto.lab/,active
Revela Filmes,São Paulo,SP,Brazil,https://www.revelafilmes.com,active
S3TSTORE,São Paulo,SP,Brazil,https://www.s3tstore.com.br/,active
Ziller's Film Lab,Bandar Seri Begawan,Brunei Muara,Brunei,https://www.instagram.com/zillersfilmlab,unverified
Neat Film Lab,Calgary,AB,Canada,https://neatfilmlab.com,active
STRATUS,Edmonton,AB,Canada,https://www.stratusjournal.com/photo-lab,unverified
ABC Photo,Vancouver,BC,Canada,https://www.abcphoto.com,active
Rocket Reprographics Inc,Vancouver,BC,Canada,https://rocketrepro.com,active
The Lab Vancouver,Vancouver,BC,Canada,http://www.thelabvancouver.com,active
Atlantic Photo Supply,Halifax,NS,Canada,https://atlanticphotosupply.com,unverified
Burlington Camera and Digital,Burlington,ON,Canada,http://www.burlingtoncamera.com,unverified
All Things Film,London,ON,Canada,http://allthingsfilm.ca,unverified
Erin Mills Photo,Mississauga,ON,Canada,https://www.erinmillsphoto.ca,unverified
Labworks,Ottawa,ON,Canada,http://www.gpclabworks.ca,unverified
Peterborough Photo Service,Peterborough,ON,Canada,https://peterboroughphoto.com,unverified
Aden Camera,Toronto,ON,Canada,https://www.adencamera.com,active
Annex Photo,Toronto,ON,Canada,https://annexphoto.ca,active
C41 Film Labs,Toronto,ON,Canada,http://c41filmlabs.com,active
Downtown Camera,Toronto,ON,Canada,https://downtowncamera.com,active
Graination,Toronto,ON,Canada,https://graination.ca,active
Memento Film Lab,Toronto,ON,Canada,http://mementofilmlab.com,active
Toronto Image Works,Toronto,ON,Canada,https://torontoimageworks.com,active
Borealis Laboratoire Photo Inc,Montreal,QC,Canada,https://borealislab.qc.ca,active
Gosselin Photo,Montreal,QC,Canada,https://gosselinphoto.ca,active
Montréal Analogue,Montreal,QC,Canada,http://mtlanalogue.com,unverified
Le Studio Argentique,Montréal,QC,Canada,http://www.studioargentique.ca,unverified
Hánimastudio,Providencia,Región Metropolitana,Chile,http://www.hanimastudio.cl,unverified
Empty Club,Santiago,Región Metropolitana,Chile,https://www.instagram.com/emptyclub.cl,active
Laboratorio Fotográfico JPF,Santiago,Región Metropolitana,Chile,http://www.laboratoriojpf.cl,active
Laboratorio Migo,Santiago,Región Metropolitana,Chile,http://www.migo.cl,active
FilmNeverDie (Beijing),Beijing,Beijing,China,https://www.instagram.com/filmneverdie.cn,active
BATH ROOM,Guangzhou,Guangdong,China,https://www.instagram.com/bath_room_gz,unverified
Golden Age Photos,Guangzhou,Guangdong,China,,unverified
Perfect Print Lab,Shanghai,Huangpu District,China,,unverified
FILMPARK,Shanghai,Shanghai,China,https://www.gaode.com/place/B0FFLIZEFF,active
Weima Image,Shanghai,Shanghai,China,https://www.amap.com/place/B0FFJOFFAU,active
Tarántula Taller,Medellín,Antioquia,Colombia,https://www.instagram.com/tarantulataller,unverified
Tienda Analógica,Medellín,Antioquia,Colombia,https://www.instagram.com/latienda_analogica,active
Foto Simón Lab,Barranquilla,Atlántico,Colombia,https://www.instagram.com/fotosimonlab,active
Analog Paradiso,Bogotá,Bogotá D.C.,Colombia,https://www.instagram.com/analogparadiso,active
CASA 12 Photolab,Bogotá,Bogotá D.C.,Colombia,https://www.instagram.com/casa12photolab/,active
Foto Japón,Bogotá,Bogotá D.C.,Colombia,https://www.fotojapon.com/,active
Poder Fotográfico,Bogotá,Bogotá D.C.,Colombia,https://www.instagram.com/poder_fotografico/,active
Foto Studio Centar,Zagreb,,Croatia,https://foto-centar.hr,unverified
Polagraph Brno,Brno,Jihomoravský,Czechia,http://polagraph.cz/brno,unverified
Bé FOTO,Prague,Prague,Czechia,https://www.befoto.cz,active
FILMSTORE,Prague,Prague,Czechia,https://www.filmstore.cz,active
FotoSkoda,Prague,Prague,Czechia,https://www.fotoskoda.cz,active
Polagraph,Prague,Prague,Czechia,https://www.polagraph.cz/develop-your-film/,active
Ultralab & syn,Prague,Prague,Czechia,https://www.ultralab.cz/,active
CPH-LAB,Copenhagen,Capital Region of Denmark,Denmark,https://www.cph-lab.dk/en/bestil-fremkaldelse,active
NV Foto,Copenhagen,Capital Region of Denmark,Denmark,https://www.nvfoto.dk,active
PhotoCare København K,Copenhagen,Capital Region of Denmark,Denmark,https://photocare.dk/pages/kobenhavn-k,active
Shutterbug,Copenhagen,Capital Region of Denmark,Denmark,https://shutterbugcph.dk,active
Silver Lab,Copenhagen,Capital Region of Denmark,Denmark,http://www.silverlab.dk,active
CPH-LAB,Hørsholm,Capital Region of Denmark,Denmark,https://cphlab.dk,active
Lui Film Lab,Santo Domingo,,Dominican Republic,http://www.luifilmlab.com,unverified
The Laboratory,Cairo,,Egypt,https://www.instagram.com/thelaboratory.film,unverified
Cairo Analog Society,Cairo,Cairo Governorate,Egypt,https://www.instagram.com/cairoanalogsociety,unverified
Grain Lab,Cairo,Cairo Governorate,Egypt,https://www.instagram.com/grainlabb,unverified
Fotoluks,Tallinn,,Estonia,https://www.fotoluks.ee,unverified
Fotomeister Pluss,Tallinn,,Estonia,https://www.fotomeisterpluss.ee,unverified
Helsinki Film and Gear (HelScan),Helsinki,Uusimaa,Finland,https://helsinkifilmandgear.com,active
Kuvalaboratorio Harju,Helsinki,Uusimaa,Finland,https://www.kuvalaboratorioharju.com,active
Kuvatehdas,Helsinki,Uusimaa,Finland,https://kuvatehdas.fi,active
Martax Film Lab,Helsinki,Uusimaa,Finland,https://martaxfilmlab.fi,active
Pro Image Service,Paris,,France,https://proimageservice.com,active
Photolix – Lyon,Lyon,Auvergne-Rhône-Alpes,France,https://shop.atelier-photolix.fr/labo-photo-lyon,active
Photoboutik 55,Strasbourg,Grand Est,France,https://www.photoboutik.fr,active
Photolix – Lille,Lille,Hauts-de-France,France,https://shop.atelier-photolix.fr,active
Chroma Films,Bordeaux,Nouvelle-Aquitaine,France,http://www.chroma-films.com,active
Photo Signe Des Temps,Toulouse,Occitanie,France,https://signedestemps.com,active
OLAB Photo,Marseille,Provence-Alpes-Côte d'Azur,France,https://www.olabphoto.com,active
dupon,Paris,Île-de-France,France,https://dupon.com/,active
Labo Central,Paris,Île-de-France,France,https://www.labo-central.fr,active
Laboratoire Photographique Argentique (L'Atelier Publimod),Paris,Île-de-France,France,https://atelierpublimod.fr,active
Nation Photo – Châtelet,Paris,Île-de-France,France,https://www.nationphoto.com,active
Nation Photo – Lamartine,Paris,Île-de-France,France,https://www.nationphoto.com,active
Nation Photo – Monge,Paris,Île-de-France,France,https://www.nationphoto.com,active
Négatif+,Paris,Île-de-France,France,http://negatifplus.com,active
Photo Bleu Ciel,Paris,Île-de-France,France,,unverified
Photolife,Paris,Île-de-France,France,http://www.photolife.fr,active
Picto,Paris,Île-de-France,France,https://www.picto.fr/,active
Processus,Paris,Île-de-France,France,https://processusphoto.com,active
Processus Photo Lab,Paris,Île-de-France,France,http://processusphotolab.com,active
Reportage Image Boutique,Paris,Île-de-France,France,https://reportage-image.com,active
Studio Hi,Paris,Île-de-France,France,http://www.studiohi-paris.com,active
Sunbath Film-Lab,Paris,Île-de-France,France,https://sunbath-filmlab.com,active
Zoé-Photo Alésia,Paris,Île-de-France,France,https://laboratoire-zoe-photo.fr,active
Magnolia Film Lab,Tbilisi,,Georgia,https://magnoliafilmlab.com,unverified
Qwerty Film Lab,Tbilisi,,Georgia,https://www.instagram.com/qwerty.filmlab,unverified
bilderfürst fürth,Fürth,,Germany,https://www.photostudio.de,unverified
Prolab Fotofachlabor GmbH,Stuttgart,Baden-Württemberg,Germany,https://www.prolab.de,active
blow up photo lab,Munich,Bavaria,Germany,http://blowup-fotolabor.de,unverified
Andec Filmtechnik,Berlin,Berlin,Germany,https://www.andecfilm.de,active
Aperture Film Lab,Berlin,Berlin,Germany,http://www.aperturefilmlab.com,active
Berlin Photo Studio,Berlin,Berlin,Germany,https://www.photostudioberlin.com,active
Cinegrell Berlin,Berlin,Berlin,Germany,http://www.cinegrell.ch,active
click & surr,Berlin,Berlin,Germany,https://clickundsurr.de/en/products/fotofilm-entwicklung,active
Film Speed Lab,Berlin,Berlin,Germany,https://www.filmspeedlab.com,active
Foto Kotti,Berlin,Berlin,Germany,https://www.fotokotti.de,active
fotoimpex,Berlin,Berlin,Germany,http://www.fotoimpex.de,active
Fotolabor Berlin,Berlin,Berlin,Germany,https://www.fotolabor.berlin,active
Picture World Berlin,Berlin,Berlin,Germany,https://pictureworldberlin.de,active
Safelight Berlin,Berlin,Berlin,Germany,http://safelightberlin.com,active
SILBERSALZ CINELAB,Berlin,Berlin,Germany,https://www.cinelab.berlin,active
Fotolabor Jan Kopp,Hamburg,Hamburg,Germany,http://www.jankopp.de,active
KHROME,Hamburg,Hamburg,Germany,http://khrome.de,active
Spieker Film Lab,Hamburg,Hamburg,Germany,http://spiekerfilmlab.de,active
ON FILM LAB,Frankfurt am Main,Hesse,Germany,https://onfilmlab.de,active
Photo Express Frankfurt,Frankfurt am Main,Hesse,Germany,https://www.fotoexpress-frankfurt.de,active
Foto Weckbrodt,Hannover,Lower Saxony,Germany,http://www.foto-weckbrodt.de,active
Foto Brell,Bonn,North Rhine-Westphalia,Germany,http://www.fotobrell.com,active
Cameradealer,Cologne,North Rhine-Westphalia,Germany,https://cameradealer.de,active
Foto Lambertin,Cologne,North Rhine-Westphalia,Germany,https://www.foto-lambertin.de,active
Kontrast Fotofachlabor,Cologne,North Rhine-Westphalia,Germany,http://www.kontrastlabor.de,active
Optik Oldschool,Düsseldorf,North Rhine-Westphalia,Germany,https://www.optik-oldschool.com,active
Mein Film Lab,Hürtgenwald,North Rhine-Westphalia,Germany,https://meinfilmlab.de,active
urbanfilmlab,Kleve,North Rhine-Westphalia,Germany,https://urbanfilmlab.com,unverified
Foto Labor Service Görner,Dresden,Saxony,Germany,http://www.foto-labor-dresden.de,active
NIMM FILM,Leipzig,Saxony,Germany,https://www.nimmfilm.de,active
Sonder Film Lab,Leipzig,Saxony,Germany,https://www.instagram.com/sonderfilmlab,active
Raito Film Lab,Athina,,Greece,https://www.instagram.com/raitofilmlab,unverified
Foto Cista,Glifada,,Greece,,unverified
Filmora Photolab,Athens,Attica,Greece,https://www.filmora.gr,active
Camera Film Photo,Hong Kong,Hong Kong,Hong Kong,http://camerafilmphoto.com,active
Dot-Well Photo Workshop,Hong Kong,Hong Kong,Hong Kong,https://www.instagram.com/dotwellphoto,active
Film Coffee HK,Hong Kong,Hong Kong,Hong Kong,https://www.instagram.com/film_coffee.hk,active
Filming Lab,Hong Kong,Hong Kong,Hong Kong,https://www.hkfilminglab.com,active
Megatoni Production,Hong Kong,Hong Kong,Hong Kong,https://www.megatoniproduction.com/,active
Panda Camera,Hong Kong,Hong Kong,Hong Kong,https://www.pandacamera.com/products/c-41-color-negative-film-develop-scan-service,active
Photo Spectrum,Hong Kong,Hong Kong,Hong Kong,https://photospectrum.com.hk/,closed
SHOWA Film & Camera,Hong Kong,Hong Kong,Hong Kong,https://showa-store.com,active
Time Fly Slow With Film,Hong Kong,Hong Kong,Hong Kong,https://www.timeflyslowithfilm.com/en,unverified
金色小角色纹纸Photo Golden,Hong Kong,Hong Kong,Hong Kong,https://www.instagram.com/photogoldenhk/,active
Budachrome,Budapest,,Hungary,http://budachrome.com,unverified
Strucc Fotó,Budapest,,Hungary,https://www.struccfoto.hu,unverified
Café Analog,Budapest,Budapest,Hungary,http://www.cafeanalog.hu,active
Fotológus,Budapest,Budapest,Hungary,https://fotologus.hu,active
Pixlar,Reykjavík,,Iceland,http://www.pixlar.is,unverified
Photolab 90,Guwahati,Assam,India,https://www.instagram.com/photolab_90,unverified
Friends Eldorado,New Delhi,Delhi,India,,unverified
Siddharth Photographix,New Delhi,Delhi,India,http://siddharthphotographix.com,unverified
gufa.Labs,Ahmedabad,Gujarat,India,https://www.instagram.com/gufa.labs,unverified
Negative Ghar,Shimla,Himachal Pradesh,India,https://www.instagram.com/negative_ghar,unverified
Film Foto Store,Bengaluru,Karnataka,India,https://www.filmfotostore.com,unverified
Zhenwei Film Lab,Dombivli,Maharashtra,India,https://www.instagram.com/zhenwei.film,unverified
Idea Creative Solutions,Mumbai,Maharashtra,India,https://lab.ideacreative.in,unverified
Lazy Film Lab,Mumbai,Maharashtra,India,https://www.instagram.com/lazyfilmlab,unverified
The Film Lab India,Pune,Maharashtra,India,https://www.instagram.com/thefilmlabindia,unverified
CPB Foundation,Chennai,Tamil Nadu,India,http://www.chennaiphotobiennale.foundation,unverified
Congelata Momento,Kolkata,West Bengal,India,http://www.congelatamomento.com,unverified
Kwality Color Photo Lab,Kolkata,West Bengal,India,,unverified
Tjoetji Film Lab,Bali,Badung,Indonesia,https://www.instagram.com/tjoetji,unverified
Film Photography Club,Sukawati,Gianyar Regency,Indonesia,http://filmphotographyclub.com,unverified
Lab Cahyono,Jakarta,Jakarta Timur,Indonesia,https://www.instagram.com/lab.cahyono,unverified
Bandar Studio,Tehran,Tehran Province,Iran,https://bandar.studio,unverified
The Bigger Picture / Dev My Film,Cork,,Ireland,http://www.thebiggerpicture.ie,unverified
John Gunn Camera Shop,Dublin,Dublin,Ireland,https://www.johngunn.ie,active
Interphoto,Tel Aviv,Tel Aviv District,Israel,http://www.ifoto.co.il,active
The Print House,Tel Aviv,Tel Aviv District,Israel,https://theprinthouse.co.il,active
Ghisa Film Lab,Legnano,Lombardy,Italy,http://www.ghisafilmlab.com,active
Colla Lab,Milan,Lombardy,Italy,https://www.instagram.com/collamilano/,active
Film Color,Milan,Lombardy,Italy,https://www.filmcolor.it,active
Speed Photo,Milano,MI,Italy,http://www.speedphotobovisa.com,unverified
Kodak Express,Firenze,Toscana,Italy,,unverified
Rollbox,Florence,Tuscany,Italy,https://www.instagram.com/rollbox_film,unverified
Analog Club,Kingston,,Jamaica,https://shopanalog.club,unverified
Camera no Kikuya,Morioka,Iwate,Japan,https://www.cameranokikuya.jp,active
Prinet1,Oshu,Iwate,Japan,http://www.prinet1.com,active
フォトスタジオ ヨシオカ 写真度 (Photo Studio Yoshioka),Kadoma,Osaka,Japan,https://photoyoshioka.shop-pro.jp/,active
CREATE Osaka Counter,Osaka,Osaka,Japan,https://www.prolab-create.jp/,active
Yaotomi Film Developing Office,Osaka,Osaka,Japan,https://www.yaotomi.co.jp/genzousho/,active
うえろくカメラ (Ueroku Camera),Osaka,Osaka,Japan,https://www.osaka-shashin.co.jp/,active
CREATE Ginza,Tokyo,Tokyo,Japan,https://www.prolab-create.jp,active
Kitamura Photo,Tokyo,Tokyo,Japan,https://www.kitamura.jp,active
National Photo,Tokyo,Tokyo,Japan,https://www.nationalphoto.co.jp,active
National Photo Laboratory,Tokyo,Tokyo,Japan,https://npl.co.jp,active
Osawa Camera,Tokyo,Tokyo,Japan,http://www.oosawacamera.com,active
Photo Ueno,Tokyo,Tokyo,Japan,http://photo-ueno.sakura.ne.jp,active
Popeye Camera,Tokyo,Tokyo,Japan,https://japantravel.navitime.com/en/area/jp/spot/02301-t911/,active
Retro Enterprises,Tokyo,Tokyo,Japan,https://retro8.com,active
Shashin Kosha,Tokyo,Tokyo,Japan,https://www.shashinkosha.co.jp,active
Tokyo Laboratory Ltd.,Tokyo,Tokyo,Japan,http://www.tokyolab.co.jp,closed
Yellow Jacket Photo Laboratory,Tokyo,Tokyo,Japan,http://www.yj-sendagi.net,active
Darkroom Amman,Amman,,Jordan,https://www.instagram.com/darkroomamman,unverified
Gornayalab,Almaty,,Kazakhstan,https://www.instagram.com/gornayalab,unverified
ajas' film lab,Kuwait City,,Kuwait,https://ajasfilmlab.com,unverified
Fotograbas,Vilnius,,Lithuania,https://fotograbas.lt,unverified
The Black Hole,Johor Bahru,Johor,Malaysia,https://theblackholelab.com,active
Darkroom8,Kuala Lumpur,Wilayah Persekutuan Kuala Lumpur,Malaysia,https://www.darkroom8malaysia.com/,active
FotoSíntesis Laboratorio,Ciudad de México,CDMX,Mexico,,unverified
Club x Foto Hércules,Mexico City,CDMX,Mexico,https://www.fotohercules.com,active
Dichroic Lab,Mexico City,CDMX,Mexico,https://www.instagram.com/dichroicfilmlab,active
Foto Hércules,Mexico City,CDMX,Mexico,https://www.fotohercules.com,active
Fotocelda Lab,Mexico City,CDMX,Mexico,https://www.instagram.com/fotoceldalab,active
LAB TANK,Mexico City,CDMX,Mexico,https://www.instagram.com/lab_tank,active
Mexicana Análoga,Mexico City,CDMX,Mexico,https://www.instagram.com/mexicana.analoga,active
Nightmares In Film,Mexico City,CDMX,Mexico,https://www.instagram.com/nightmares_in_film/,active
Ático Film Lab,Mexico City,CDMX,Mexico,https://www.instagram.com/aticofilmlab,active
Papigochi Film Lab,Chihuahua,Chihuahua,Mexico,https://www.instagram.com/papigochilab,unverified
Máquina Fotográfica FilmLab,Ciudad Juárez,Chihuahua,Mexico,https://www.facebook.com/colectivomaquinafotografica/,unverified
Serendipia Café,Mexico City,Cuauhtémoc,Mexico,https://www.instagram.com/serendipiacafenol,unverified
Khaos Laboratorio,Guadalajara,Jalisco,Mexico,https://www.khaoslaboratorio.com,unverified
Tillos Lab,Guadalajara,Jalisco,Mexico,https://www.instagram.com/tillos.lab,unverified
Aborigen Film Lab,Monterrey,Nuevo León,Mexico,https://www.instagram.com/a.borigen,unverified
Fotograma Film Lab,Monterrey,Nuevo León,Mexico,https://www.fotogramalab.com,unverified
Give Film a Chance,Monterrey,Nuevo León,Mexico,http://www.givefilmachance.com,unverified
Pantera Film Lab,Monterrey,Nuevo León,Mexico,https://www.instagram.com/panterafilmlab/,unverified
Bengala,San Pedro Garza García,Nuevo León,Mexico,https://www.instagram.com/bengala____mx,unverified
Photo Gallery F64,Podgorica,,Montenegro,http://instagram.com/klubknjizaraf64,unverified
Analog Club Nepal,Kathmandu,,Nepal,https://www.instagram.com/analogclubnepal,unverified
Film Foundry Nepal,Lalitpur,,Nepal,https://www.instagram.com/film_foundry,unverified
Foto Verweij,Nijmegen,Gelderland,Netherlands,https://www.fotoverweij.nl,active
Fotofonie,Groningen,Groningen,Netherlands,https://www.fotofonie.nl,active
Analog Space,Eindhoven,North Brabant,Netherlands,https://analogspace.nl,active
Analogue Amsterdam,Amsterdam,North Holland,Netherlands,https://analogueshop.com/pages/process-film,active
Cameralisatie,Amsterdam,North Holland,Netherlands,https://cameralisatie.nl,active
Cameranu Amsterdam,Amsterdam,North Holland,Netherlands,https://www.cameranu.nl/amsterdam,active
CameraNU Photoprint,Amsterdam,North Holland,Netherlands,https://www.cameranu.nl/fotoservice,active
Foto Den Boer,Amsterdam,North Holland,Netherlands,https://www.fotodenboer.nl/c-4669885/ontwikkelen-scannen-afdrukken/,active
Foto Mignon,Amsterdam,North Holland,Netherlands,https://www.instagram.com/fotomignon/,unverified
Fotolab,Amsterdam,North Holland,Netherlands,http://www.fotolab.nl,active
Fotolab Kiekie,Amsterdam,North Holland,Netherlands,https://fotolabkiekie.nl,active
Key Color Photo Lab,Amsterdam,North Holland,Netherlands,https://www.key-color.nl/,active
Foto Bertelink,Hengelo,Overijssel,Netherlands,https://www.fotobertelink.nl,active
Cameralisatie,Rotterdam,South Holland,Netherlands,http://cameralisatie.nl,active
Camera & Digital,Christchurch,,New Zealand,http://www.cameradigital.co.nz,unverified
Camera House,Lower Hutt,,New Zealand,http://www.camerahousenz.com,unverified
PCL Imaging,Auckland,Auckland,New Zealand,http://www.pcl.co.nz,active
Splendid Photo – Auckland,Auckland,Auckland,New Zealand,http://splendid.nz,active
The Black and White Box,Auckland,Auckland,New Zealand,http://www.theblackandwhitebox.co.nz,active
Splendid Photo – Wellington,Wellington,Wellington,New Zealand,http://splendid.nz,active
el LABO,Managua,,Nicaragua,https://www.instagram.com/el.labo,unverified
David's Film Lab,Ikeja,Lagos,Nigeria,https://davidsfilmlab.com.ng,unverified
Oslo Foto AS,Oslo,Oslo,Norway,http://www.oslofoto.as,active
Piscucha Film Lab,Asunción,,Paraguay,http://piscuchafilmlab.com,unverified
Wonder Photo Shop – Baguio,Baguio City,Benguet,Philippines,http://www.wonderphotoshop.ph,unverified
Sprocketwerks,Quezon City,Metro Manila,Philippines,,unverified
Sunny16 Lab,Quezon City,Metro Manila,Philippines,https://www.sunny16lab.com,unverified
Wonder Photo Shop,Quezon City,Metro Manila,Philippines,https://wonderphotoshop.ph,unverified
film&print,Lucena City,Quezon,Philippines,,unverified
Relax Foto,Warszawa,,Poland,http://relax-foto.pl,unverified
Microlab Poznański.Analog,Poznań,Greater Poland Voivodeship,Poland,https://www.facebook.com/kodakvsfuji,active
Black and White,Warsaw,Masovian Voivodeship,Poland,https://czarno-biale.pl/sklep,active
Foto Tempo,Kraków,Małopolskie,Poland,https://fototempo.pl,unverified
Carmencita Film Lab – Lisbon,Lisbon,Lisbon District,Portugal,https://carmencitafilmlab.com,active
Câmaras & Companhia,Porto,Porto District,Portugal,http://www.camarasecompanhia.com,active
Maquinas de Outros Tempos,Porto,Porto District,Portugal,http://www.maquinasdeoutrostempos.pt,active
Boca de Lobo Film,San Juan,Puerto Rico,Puerto Rico,http://www.bocadelobofilm.com,unverified
Khalifa Art Center,Doha,,Qatar,http://www.kac.qa,unverified
Camera Lucida Lab,Bucharest,,Romania,https://www.cameralucidalab.ro,unverified
3R Color,București,,Romania,,unverified
isopatrusute,București,,Romania,https://www.isopatrusute.ro,unverified
Miva Foto,București,,Romania,https://www.instagram.com/mivafoto,unverified
GrainLab,Cluj-Napoca,,Romania,https://grainlab.ro,unverified
NEGATIVESCU,Oradea,,Romania,https://negativescu.ro,unverified
Kommuna Film Lab,Moscow,,Russia,http://www.kommunafilmlab.com,unverified
Lighthouse Film Lab,Moscow,,Russia,http://lighthousefilmlab.com,unverified
Luch Lab,Moscow,,Russia,http://luch.photo,unverified
Perspektiva,Moscow,,Russia,https://perspektiva.film,unverified
FOQUS,St Petersburg,,Russia,https://foqus.film,unverified
Format Film Lab,St Petersburg,,Russia,http://formatfilmlab.ru,unverified
Sreda Photo,Moscow,Moscow,Russia,https://sreda.photo/lab/develop_scan/price,unverified
Haitham Studio,Riyadh,,Saudi Arabia,http://studiohaitham.com,unverified
Karmir Film Lab – Belgrade,Belgrade,,Serbia,https://www.karmir.film,unverified
BG Elite Foto,Beograd,,Serbia,http://www.bgefoto.rs,unverified
Analog Film Lab,Singapore,Singapore,Singapore,https://www.analogfilmlab.com/,active
grainsandsuch.co,Singapore,Singapore,Singapore,https://grainsandsuch.co,active
Hands On Film,Singapore,Singapore,Singapore,https://www.instagram.com/handsonfilm,active
Konota Digital Imaging Services,Singapore,Singapore,Singapore,https://www.facebook.com/konotafujifilm/,active
Riceball Photography,Singapore,Singapore,Singapore,http://www.riceball.sg,active
Triple D Minilab,Singapore,Singapore,Singapore,https://tripledminilab.com,active
Whampoa Color Centre,Singapore,Singapore,Singapore,,active
Minulle,Bratislava,,Slovakia,https://www.minulle.sk/,active
The RGB Pixellab,Linden,Gauteng,South Africa,http://www.thergbpixellab.co.za,unverified
Cape Film Supply,Cape Town,Western Cape,South Africa,https://capefilmsupply.co.za,active
Filmlog in jeju,Jeju-si,Jeju-do,South Korea,https://www.instagram.com/filmlog_official,unverified
Film Folk,Seoul,Seoul,South Korea,https://filmfolk.co.kr,unverified
Filmlog,Seoul,Seoul,South Korea,https://filmlog.co.kr,active
Fotomaru,Seoul,Seoul,South Korea,http://fotomaru.com,active
Photo Express,Seoul,Seoul,South Korea,https://photoexpress.kr,active
Weekend film (wkndfilm),Seoul,Seoul,South Korea,https://www.instagram.com/wkndfilm,active
Yeonnam Film,Seoul,Seoul,South Korea,https://www.instagram.com/yeonnamfilm,active
취미사 (Hobbysha),Seoul,Seoul,South Korea,https://pf.kakao.com/_mxnIbj,active
Aulaga Lab,Madrid,,Spain,https://aulagalab.com,unverified
La Peliculera,Madrid,,Spain,http://www.lapeliculera.com,unverified
Las Buganvillas Film Lab,Málaga,,Spain,https://www.instagram.com/buganvillas.filmlab,unverified
NadaCarrete,Sevilla,Andalucía,Spain,https://www.instagram.com/nadacarrete,unverified
La Química Film Lab,Granada,Andalusia,Spain,https://www.instagram.com/laquimica.filmlab,unverified
Sol Lab,Sevilla,Andalusia,Spain,http://www.sollabsevilla.com,unverified
bienbien,Barcelona,Catalonia,Spain,,unverified
Carmencita Film Lab – Barcelona,Barcelona,Catalonia,Spain,http://carmencitafilmlab.com,active
dubblelab,Barcelona,Catalonia,Spain,http://dubblelab.com,active
Foto R3,Barcelona,Catalonia,Spain,https://fotor3.com,active
Revela-T,Barcelona,Catalonia,Spain,https://revela-t.cat,active
REVELAB Studio – Ciutat Vella,Barcelona,Catalonia,Spain,https://www.revelab.es,unverified
REVELAB Studio – Sagrada Familia,Barcelona,Catalonia,Spain,http://www.revelab.es,active
Shooters Film Lab,Barcelona,Catalonia,Spain,http://www.shootersfilmlab.com,active
Visualkorner,Barcelona,Catalonia,Spain,https://vklaboratori.com,active
Vm Foto Profesional,Barcelona,Catalonia,Spain,https://www.vmfoto.com,active
Voilà Lab,Barcelona,Catalonia,Spain,https://www.instagram.com/voila_lab,active
1826 Film Lab,Madrid,Community of Madrid,Spain,http://1826filmlab.com,active
Contado Pierde,Madrid,Community of Madrid,Spain,http://www.contadopierde.com,active
Cuarto Color Lab – Calle del Alerce,Madrid,Community of Madrid,Spain,https://cuartocolorlab.com,active
Miyagi Studio,Madrid,Community of Madrid,Spain,https://miyagistudio.com,active
Cuarto Color Lab – Calle de Silva,Madrid,Comunidad de Madrid,Spain,http://www.cuartocolorlab.com,unverified
Carmencita Film Lab – Valencia,Valencia,Valencian Community,Spain,https://carmencitafilmlab.com,active
Malvarrosa Film Lab,Valencia,Valencian Community,Spain,https://www.malvarrosafilmlab.com,active
Mattssons Foto,Lund,Skåne County,Sweden,http://www.mattssonsfoto.se,active
Crimson,Stockholm,Stockholm County,Sweden,https://crimson.se,active
Team Framkallning,Stockholm,Stockholm County,Sweden,https://www.teamframkallning.se,active
Kvillefoto,Gothenburg,Västra Götaland County,Sweden,https://kvillefoto.se,active
Photo Pour Tous & Cie Sàrl,Genève,,Switzerland,,unverified
Quick Photo,Genève,,Switzerland,https://quickphoto.ch,unverified
Photo Vision Lausanne,Lausanne,,Switzerland,http://www.photovision.ch/,active
Elmofilmlab,Winterthur,Zurich,Switzerland,https://elmofilmlab.ch,active
DEV by Jannis,Zurich,Zurich,Switzerland,https://devbyjannis.ch,active
Laboratorium,Zurich,Zurich,Switzerland,https://laboratorium.ch/en/film-development,active
The Film Lab.,Zurich,Zurich,Switzerland,https://www.thefilmlab.ch,active
Best Photo,Taipei,Taipei City,Taiwan,https://findmyfilmlab.com/location/best-photo/,active
efoto.tw,Taipei,Taipei City,Taiwan,https://www.instagram.com/efoto.tw/,active
ILFORD Taiwan LAB,Taipei,Taipei City,Taiwan,https://www.instagram.com/ilfordtaiwan_lab/,active
底片叔叔 (FilmUncle),Taipei,Taipei City,Taiwan,https://www.filmuncle.com/,active
Violet Digital Image Center,Taipei City,Taipei City,Taiwan,https://www.facebook.com/violet23712496,active
FOR FUN FILM – Chiang Mai,Chiang Mai,,Thailand,https://sites.google.com/view/forfunfilm,unverified
Negative Film Lab,Chiang Mai,,Thailand,https://www.instagram.com/negative_film_lab,unverified
POINT AND SHOOT,Chiang Mai,,Thailand,https://www.instagram.com/pointandshoot.film,unverified
FOR FUN FILM – Udon Thani,Udon Thani,,Thailand,https://sites.google.com/view/forfunfilm,unverified
Ella.bkk,Bangkok,Bangkok,Thailand,https://www.instagram.com/ella.bkk/,active
Flashbox Film Lab,Bangkok,Bangkok,Thailand,https://www.instagram.com/flashboxbkk,active
Fotoclub BKK,Bangkok,Bangkok,Thailand,https://www.fotoclubbkk.com,active
Patani Studio,Bangkok,Bangkok,Thailand,https://www.instagram.com/patanistudio,active
Space cat lab,Bangkok,Bangkok,Thailand,https://www.facebook.com/spacecatbkk,active
Sweet Film Bar,Bangkok,Bangkok,Thailand,https://www.instagram.com/sweetfilmbar,active
What The Film Lab,Bangkok,Bangkok,Thailand,https://www.instagram.com/whatthefilmlab/,active
Fotograbia,Antalya,,Turkey,http://www.fotograbia.com,unverified
Şeftali Analog,Istanbul,,Turkey,https://www.instagram.com/seftalianalog,unverified
Rıfat Tunç Fotoğrafçılık,İstanbul,,Turkey,http://tuncfoto.com,unverified
1885 Film Lab & Studio,İzmir,,Turkey,https://www.instagram.com/1885filmlabstudio,unverified
Fotoğraf Fabrikasi,Istanbul,Beyoğlu,Turkey,https://www.instagram.com/fotograffabrika,unverified
1/8 lab,Kyiv,,Ukraine,https://www.instagram.com/odnavosma,unverified
Fotovramci,Kyiv,,Ukraine,https://fotovramci.com,unverified
Analog The Room,Dubai,Dubai,United Arab Emirates,https://analogtheroom.com,active
Snaps Photo Services,Bournemouth,,United Kingdom,http://www.snapsphotoservices.com,unverified
Photo Hippo,Burnley,,United Kingdom,https://www.photohippo.co.uk,unverified
Not Quite North,Lincoln,,United Kingdom,https://not-quite-north.co.uk,active
Stuck In Film,South Croydon,,United Kingdom,https://stuckinfilm.co.uk,unverified
HARMAN Lab,Mobberley,Cheshire,United Kingdom,https://harmanlab.com,active
Chemistry Film Lab,Brighton,East Sussex,United Kingdom,https://www.chemistryfilmlab.com,unverified
Picture This Film Lab,Brighton,East Sussex,United Kingdom,http://www.picturethisfilmlab.com,unverified
AG Photolab,Birmingham,England,United Kingdom,https://ag-photolab.co.uk,active
Jack's Lab,Bristol,England,United Kingdom,https://jackslab.co,active
Photographique,Bristol,England,United Kingdom,https://photographique.co.uk,active
Analogue Wonderland,High Wycombe,England,United Kingdom,https://analoguewonderland.co.uk,unverified
Take it Easy Lab,Leeds,England,United Kingdom,https://takeiteasylab.com,active
21Studio Photolab,London,England,United Kingdom,https://21studiophotolab.co.uk,active
Analogue Films,London,England,United Kingdom,https://www.analoguefilms.co.uk,active
Aperture Printing,London,England,United Kingdom,https://www.apertureprinting.com,active
Bayeux,London,England,United Kingdom,https://www.bayeux.co.uk,active
C.I.M.E Lab,London,England,United Kingdom,http://www.cimelab.com,active
Chan Photographic,London,England,United Kingdom,https://chanphotographic.com,active
Colourstream,London,England,United Kingdom,https://colourstream.co.uk,active
Eyeculture London,London,England,United Kingdom,https://www.instagram.com/eyeculture1,active
Labyrinth Photographic,London,England,United Kingdom,http://www.labyrinthphotographic.co.uk,active
London Film Lab,London,England,United Kingdom,https://www.londonfilmlab.co.uk,active
Metro Imaging (Genesis Metro),London,England,United Kingdom,https://metroimaging.co.uk/,active
Photofusion,London,England,United Kingdom,http://www.photofusion.org,active
Rapid Eye,London,England,United Kingdom,https://www.rapideye.uk.com,active
Southsun Film Lab,London,England,United Kingdom,https://southsun.co,active
Come Through Lab,Manchester,England,United Kingdom,http://www.comethroughlab.com,active
DS Colour Labs,Manchester,England,United Kingdom,http://www.dscolourlabs.co.uk,active
AG Photolab,North Shields,England,United Kingdom,https://www.ag-photolab.co.uk,active
LensFayre,Nottingham,England,United Kingdom,https://www.lensfayre.com,unverified
MyPhoto,Plymouth,England,United Kingdom,https://www.filmprocessing.co.uk,unverified
Harrison Cameras,Sheffield,England,United Kingdom,https://www.harrisoncameras.co.uk,unverified
J&A Film Lab,Sheffield,England,United Kingdom,http://www.jandastudiouk.co.uk,unverified
The Film Safe Developing Lab,Southampton,England,United Kingdom,https://www.thefilmsafe.co.uk,active
Filmdev,Stockton-on-Tees,England,United Kingdom,https://filmdev.co.uk,active
A + M Imaging,Edinburgh,Scotland,United Kingdom,https://amimage.co.uk,active
Gulabi Photo,Glasgow,Scotland,United Kingdom,http://www.gulabi.co.uk,active
Underground Film Lab,Montevideo,,Uruguay,https://www.instagram.com/undergroundfilmlab,unverified
MEDIAM Film Lab,Anchorage,AK,USA,https://www.instagram.com/mediamfilmlab,unverified
Electra Film Lab,Birmingham,AL,USA,https://electrafilmlab.com,unverified
"Southerland's Photo, Inc.",Huntsville,AL,USA,http://southerlandphoto.net,unverified
Indie Film Lab,Montgomery,AL,USA,https://www.indiefilmlab.com,active
Bedford Camera & Video – Fayetteville,Fayetteville,AR,USA,http://www.bedfords.com,unverified
Bedford Camera & Video – Little Rock,Little Rock,AR,USA,https://www.bedfords.com,unverified
Flagstaff Camera LLC,Flagstaff,AZ,USA,https://www.flagstaffcamera.com,unverified
Strap Film Lab – Mesa,Mesa,AZ,USA,https://www.strapfilmlab.com,unverified
Strap Film Lab – Phoenix,Phoenix,AZ,USA,https://strapfilmlab.com/,unverified
Wilson Camera,Scottsdale,AZ,USA,http://www.wilsoncamera.com,unverified
TCR Photo Imaging Center,Tempe,AZ,USA,http://www.tempecamera.biz,unverified
Photolab of Berkeley,Berkeley,CA,USA,https://www.photolaboratory.com/,active
Pro8mm,Burbank,CA,USA,http://www.pro8mm.com,unverified
North Coast Photo (NCPS/Great American Photo Lab),Carlsbad,CA,USA,https://northcoastphoto.com/,active
The Great American Photo Lab / North Coast Photographic Services,Carlsbad,CA,USA,https://northcoastphoto.com,unverified
Claremont Photo and Video,Claremont,CA,USA,https://www.claremontphoto.com/,active
The Photo Lab,Costa Mesa,CA,USA,https://photolabcostamesa.com,unverified
Digital Imaging Center,Culver City,CA,USA,https://dimagec.com/film-developing/,active
Mike's Camera – Dublin,Dublin,CA,USA,https://mikescamera.com,unverified
Horn Photo,Fresno,CA,USA,https://hornphoto.com,unverified
Digital Photo Printing & Studio,Glendale,CA,USA,https://www.instagram.com/thatonephotolab,unverified
Bill's Camera,Huntington Beach,CA,USA,http://www.billscamera.com,unverified
Lennox Photo Lab,Inglewood,CA,USA,http://lennoxphotolab.com,unverified
Pro Photo Connection,Irvine,CA,USA,https://prophotoconnection.com,active
Relics,Long Beach,CA,USA,https://www.wearerelics.com,unverified
Tuttle Cameras,Long Beach,CA,USA,https://www.tuttlecameras.com/film-developing/film-developing/,active
A&I Fine Art + Photography,Los Angeles,CA,USA,https://aiphoto.com/,active
ANALOG PHOTO LAB,Los Angeles,CA,USA,https://www.analog-photolab.com,active
Arthouse Film Lab,Los Angeles,CA,USA,https://www.instagram.com/arthousefilmlab,active
Berry Flash Photo Lab,Los Angeles,CA,USA,http://www.berryflash.com,active
Film Scouts,Los Angeles,CA,USA,http://www.filmscoutscameras.com,active
FranksProductions 30 Min Foto,Los Angeles,CA,USA,,unverified
Freestyle Photo Imaging,Los Angeles,CA,USA,https://freestylephoto.com,active
Gold One Hour Photo,Los Angeles,CA,USA,https://goldonehourphoto.com,active
Gold Photo,Los Angeles,CA,USA,https://goldonehourphoto.wordpress.com,unverified
Icon LA,Los Angeles,CA,USA,https://iconla.com,active
J&F Photo Lab Inc.,Los Angeles,CA,USA,https://www.jfdigitalphoto.net,active
LA Film Lab,Los Angeles,CA,USA,https://lafilmlab.com,active
Last Good Film Lab,Los Angeles,CA,USA,http://www.lastgoodfilmlab.com,active
Little Big Man Gallery,Los Angeles,CA,USA,https://www.instagram.com/littlebigmangallery,active
Monstera Film Lab,Los Angeles,CA,USA,https://www.monsterafilmlab.com,unverified
Photo Impact Imaging,Los Angeles,CA,USA,https://photoimpactimaging.com,active
Post Mix Film Lab,Los Angeles,CA,USA,https://www.postmixfilmlab.com,unverified
Samy's Camera,Los Angeles,CA,USA,https://samys.com,active
The Icon,Los Angeles,CA,USA,http://www.iconla.com,unverified
The Photo Dept.,Los Angeles,CA,USA,https://thephotodept.com,active
Mike's Camera – Menlo Park,Menlo Park,CA,USA,https://mikescamera.com,unverified
Pro Photo Factory,Montclair,CA,USA,,active
I'm Still Developing,National City,CA,USA,http://imstilldeveloping.com,unverified
Valley Photo Service,North Hollywood,CA,USA,http://valleyphotoservice.com,unverified
A Film Lab,Oakland,CA,USA,https://www.instagram.com/afilmlab,active
Montclair Photo,Oakland,CA,USA,https://www.montclairphoto.com/,active
Royal We Film Lab,Oakland,CA,USA,https://www.royalwefilmlab.com,unverified
Underdog Film Lab,Oakland,CA,USA,http://www.underdogfilmlab.com,active
Rewind Film Lab,Orange,CA,USA,http://rewindfilmlab.com,unverified
Sun & Silver,Orange,CA,USA,https://sunandsilver.com,unverified
Mayfield Photo Lab,Palo Alto,CA,USA,https://mayfieldphotolab.com,active
Mike's Camera – Pleasant Hill,Pleasant Hill,CA,USA,https://mikescamera.com,unverified
Mike's Camera – Sacramento,Sacramento,CA,USA,https://mikescamera.com,unverified
HARMAN LAB U.S.,San Clemente,CA,USA,https://www.harmanlab-us.com,unverified
The Darkroom,San Clemente,CA,USA,https://thedarkroom.com,active
Camera Exposure,San Diego,CA,USA,https://cameraexposure.com,active
George's Camera,San Diego,CA,USA,http://www.georgescamera.com,active
Nelson Photo & Video,San Diego,CA,USA,https://nelsonphotoandvideo.com,active
Nelson Photo Supplies,San Diego,CA,USA,https://nelsonphotosupplies.com,active
Safelight Labs,San Diego,CA,USA,https://www.safelightlabs.com,active
Fireside Camera,San Francisco,CA,USA,https://firesidecamera.weebly.com/,active
Fromex,San Francisco,CA,USA,https://fromex.com,active
Glass Key Photo,San Francisco,CA,USA,https://glasskeyphoto.com,active
Oscar's Photo Lab,San Francisco,CA,USA,https://oscarsphotolab.com,active
Photolab SF,San Francisco,CA,USA,https://photolabsf.com,active
PhotoWorks SF,San Francisco,CA,USA,https://www.photoworkssf.com,active
RayKo Photo Center,San Francisco,CA,USA,http://raykophoto.com,closed
Underdog Film Lab,San Francisco,CA,USA,https://underdogfilmlab.com,active
Fromex One Hour Photo Systems,San Gabriel,CA,USA,https://fromex.com,unverified
Foto Express,San Jose,CA,USA,,unverified
Harvey Film Lab,Santa Ana,CA,USA,https://harveyfilmlab.com,unverified
Richard Photo Lab,Santa Clarita,CA,USA,https://richardphotolab.com,active
Shutterbug Camera Shops,Santa Rosa,CA,USA,https://shutterbugcamerashops.com,unverified
Paul's Photo Inc,Torrance,CA,USA,https://paulsphoto.com,unverified
Legacy Film Lab,Tustin,CA,USA,https://www.legacyfilmlab.com,unverified
Red Room Photo Lab,Van Nuys,CA,USA,http://www.redroomphotolab.com,unverified
Mira's Film Lab,Venice,CA,USA,https://mirasfilmlab.com/,active
Dexter's Camera,Ventura,CA,USA,https://www.dexterscamera.com/,unverified
Mike's Camera – Boulder,Boulder,CO,USA,https://mikescamera.com,unverified
Mike's Camera – Colorado Springs,Colorado Springs,CO,USA,https://mikescamera.com,unverified
Denver Digital Imaging Center,Denver,CO,USA,http://www.theslideprinter.com,active
Mike's Camera – Denver,Denver,CO,USA,https://mikescamera.com,active
Not Another Film Lab,Denver,CO,USA,http://notanotherfilmlab.com,active
The Negative Space,Denver,CO,USA,https://thenegative.space,unverified
Englewood Camera,Littleton,CO,USA,https://www.englewoodcamera.com/film-services,active
Mike's Camera – Lone Tree,Lone Tree,CO,USA,https://mikescamera.com,unverified
Mike's Camera – Wheat Ridge,Wheat Ridge,CO,USA,https://mikescamera.com,unverified
Darkslide Film Lab,Bridgeport,CT,USA,https://www.darkslidefilmlab.com,unverified
Ross Imaging Center,Hamden,CT,USA,http://www.ctprints.com,unverified
Camera Bar,Hartford,CT,USA,https://camerabar.com,unverified
Milford Photo,Milford,CT,USA,https://milfordphoto.com,unverified
Norwich Camera Company,Norwich,CT,USA,http://www.norwichcamera.com,unverified
District Camera and Imaging,Washington,DC,USA,https://www.districtcamera.com,active
District Camera and Imaging – DC,Washington,DC,USA,https://www.districtcamera.com,unverified
Pro Photo,Washington,DC,USA,https://prophotodc.com/,active
Newark Camera Shop,Newark,DE,USA,https://www.newarkcamera.com,unverified
Colourworks Photographic Services,Wilmington,DE,USA,http://www.colourworks.com,unverified
Thacker's Film Lab,Fort Lauderdale,FL,USA,http://thackersfilmlab.com,unverified
Homebrewed Film Lab,Fort Myers,FL,USA,https://www.homebrewedfilmlab.com,unverified
Olilou's Film Lab,Greenacres,FL,USA,https://olilousfilmlab.com,unverified
Lakeland Film Lab,Lakeland,FL,USA,https://www.lakelandfilmlab.com,unverified
Bellows Film Lab Miami,Miami,FL,USA,http://bellowsfilmlab.com,active
Cardinal,Miami,FL,USA,http://cardinalfilmlab.com,active
Bellows Film Lab Orlando,Orlando,FL,USA,https://bellowsfilmlab.com,unverified
Colonial Photo & Hobby,Orlando,FL,USA,https://cphfun.com,unverified
Not Another Film Lab – Orlando,Orlando,FL,USA,https://www.notanotherfilmlaborl.com,unverified
Reformed Film Lab,Orlando,FL,USA,https://www.reformedfilmlab.com,active
Gulf Coast Camera,Pensacola,FL,USA,https://gulfcoastcamera.com,unverified
Coastal Film Lab,Tampa,FL,USA,http://www.coastalfilmlab.com,unverified
Bellows Film Lab Atlanta,Atlanta,GA,USA,http://www.bellowsfilmlab.com,active
Wings Camera,Atlanta,GA,USA,http://wingscamera.com,unverified
Bleach Film Lab,Avondale Estates,GA,USA,http://www.bleachfilmlab.com,unverified
The Photo Spot,Douglasville,GA,USA,http://thephotospotga.com,unverified
Dunwoody Photo,Dunwoody,GA,USA,http://www.dunwoodyphoto.com,unverified
Treehouse Photo Lab,Honolulu,HI,USA,https://treehousephotolab.com,unverified
DSMFilmLab,Des Moines,IA,USA,https://www.dsmfilmlab.com,unverified
Timeless Photo,Boise,ID,USA,http://www.timelessphotoboise.com,unverified
Bellows Film Lab Chicago,Chicago,IL,USA,https://www.bellowsfilmlab.com,active
Central Camera Company,Chicago,IL,USA,http://centralcamera.com,active
Constant Agitation,Chicago,IL,USA,http://cafilmlab.com,active
CSW Film Systems,Chicago,IL,USA,https://www.instagram.com/cswfilmchicago,active
Latitude Chicago,Chicago,IL,USA,https://www.latitudechicago.org,active
Brooktree Film Lab,Decatur,IL,USA,https://brooktreefilmlab.com,active
Brooktree Film Lab,Oreana,IL,USA,https://www.brooktreefilmlab.com,active
Roberts Camera,Indianapolis,IN,USA,http://robertscamera.com,unverified
Bedford Camera & Video – Overland Park,Overland Park,KS,USA,http://www.bedfords.com,unverified
Process One,Overland Park,KS,USA,https://processonephoto.com,unverified
Dwayne's Photo,Parsons,KS,USA,https://www.dwaynesphoto.com,active
Dwayne's Photo Lab,Parsons,KS,USA,https://www.dwaynesphoto.com,unverified
Midwest Film Co,Wichita,KS,USA,https://www.midwestfilmco.com,unverified
Good N Grainy,Bowling Green,KY,USA,https://www.goodngrainy.photos,unverified
State Film Lab,Louisville,KY,USA,https://statefilmlab.com,active
Taylor House – Film Lab,Hammond,LA,USA,https://taylorhousestudios.com/lab,active
Bennett's Photo,Metairie,LA,USA,http://www.bennettsphoto.com,unverified
Gumbo Film Lab,New Orleans,LA,USA,https://www.instagram.com/gumbofilmlab,active
New Orleans Film Lab,New Orleans,LA,USA,https://www.neworleansfilmlab.com,unverified
iLA Film Lab,Amherst,MA,USA,https://ilafilmlab.com,unverified
catLABS,Boston,MA,USA,http://www.catlabs.info,active
Colortek of Boston,Boston,MA,USA,http://www.colortekofboston.com,active
Goss Photo,Hanover,MA,USA,https://gossphotolab.com,active
Panopticon Imaging,Rockland,MA,USA,https://www.panopticonimaging.com,unverified
Lumentation,Somerville,MA,USA,https://lumentation.com/,active
In A Flash,Springfield,MA,USA,https://www.iafphoto.com,unverified
Full Circle Fine Art Services,Baltimore,MD,USA,https://fullcirclefineart.com/film-services,unverified
National Photo,Baltimore,MD,USA,https://www.nationalphoto.com,unverified
Dodge Chrome,Silver Spring,MD,USA,https://dodgechrome.com,unverified
Northeast Photographic,Bath,ME,USA,https://www.northeastphotographic.com,active
Woodward Camera,Birmingham,MI,USA,http://woodwardcamera.com,unverified
Express Photo & Camera,Livonia,MI,USA,https://www.expressphotodigital.com,unverified
AgX Imaging,Sault Ste. Marie,MI,USA,http://www.agximaging.com,unverified
Fast Foto Film Lab,Bloomington,MN,USA,http://www.fastfotofilm.com,unverified
Basement Lab,Minneapolis,MN,USA,http://basementlab.co,unverified
Film Lab 135,Minneapolis,MN,USA,https://www.filmlab135.com,unverified
West Photo,Minneapolis,MN,USA,http://westphoto.com,unverified
Sun Color Photo,White Bear Lake,MN,USA,https://medchestmn.com/sun-color-photo,unverified
Bedford Camera & Video – Springfield,Springfield,MO,USA,https://www.bedfords.com,unverified
Schillers Camera,St. Louis,MO,USA,https://schillers.com,unverified
Ball Photo,Asheville,NC,USA,http://www.ballphotosupply.com,unverified
Southeastern Camera – Carrboro,Carrboro,NC,USA,https://www.secamera.com,unverified
Biggs Camera,Charlotte,NC,USA,https://biggscamera.com,unverified
The Photo Outfitters,Charlotte,NC,USA,http://thephotooutfitters.com,unverified
Southeastern Camera – Raleigh,Raleigh,NC,USA,http://www.southeasterncamera.com,unverified
The Fotoshoppe,Raleigh,NC,USA,http://www.thefotoshoppenc.com,unverified
Old School Photo Lab,Dover,NH,USA,http://oldschoolphotolab.com,unverified
Black Lab Imaging,Flemington,NJ,USA,https://www.blacklabimaging.com,unverified
Gelatin Labs,Maplewood,NJ,USA,https://gelatinlabs.com,active
George Street Camera,New Brunswick,NJ,USA,,unverified
Picture Perfect Film Lab,Albuquerque,NM,USA,https://perfectphotolab.com,unverified
Alien Film Lab,Las Vegas,NV,USA,https://store.bandccamera.com/pages/film-developing,unverified
Fremont Photo Co,Las Vegas,NV,USA,https://www.fremontphotoco.com,unverified
PhotoShack,Las Vegas,NV,USA,https://www.ephotoshack.com,unverified
Pro Image East,Las Vegas,NV,USA,http://www.iphotoshop.com,unverified
Pro Image West,Las Vegas,NV,USA,https://iphotoshop.com,unverified
McGreevy ProLab & ProPress,Albany,NY,USA,http://mcgreevyprolab.com,unverified
BXposure,Bronx,NY,USA,https://www.instagram.com/dabxposure,unverified
Accurate Photoshop,Brooklyn,NY,USA,https://www.accuratephotoshop.com,active
Brooklyn Film Camera,Brooklyn,NY,USA,https://brooklynfilmcamera.com/,active
Bushwick Community Darkroom,Brooklyn,NY,USA,https://www.bushwickcommunitydarkroom.com/,active
Contact Photo,Brooklyn,NY,USA,https://www.contactphotolab.com,unverified
Exposure Therapy Photo Lab,Brooklyn,NY,USA,https://www.exposuretherapy.nyc,active
Full Spectrum,Brooklyn,NY,USA,http://fsphotolab.com,unverified
Gowanus Darkroom,Brooklyn,NY,USA,https://www.gowanusdarkroom.com/,active
Kubus Photo Service,Brooklyn,NY,USA,https://www.kubusphoto.com,active
Nice Film Club,Brooklyn,NY,USA,https://nicefilmclub.com,active
NYC Film Lab,Brooklyn,NY,USA,https://nycfilmlab.com,active
Photo Life,Brooklyn,NY,USA,https://www.instagram.com/photolifebrooklyn,active
photodom. NYC,Brooklyn,NY,USA,https://photodom.nyc,active
Pink Folder Film House,Brooklyn,NY,USA,http://pinkfolderfilmhouse.com,active
Pro Image Photo,Brooklyn,NY,USA,https://proimagephoto.com,active
Westlab,Brooklyn,NY,USA,https://www.westlab.nyc,active
Delaware Camera,Buffalo,NY,USA,http://www.delawarecamera.com,unverified
Artcraft Photoworks,Kingston,NY,USA,http://www.artcraftphotoworks.com,unverified
Home Fair Camera,Larchmont,NY,USA,http://www.homefaircamera.com,unverified
5R Photo Lab,New York,NY,USA,http://www.5rphotolab.com/,active
Bleeker Digital Solutions,New York,NY,USA,http://www.bleekerdigital.com,active
Eliz Digital,New York,NY,USA,,unverified
Gelatin Labs – NYC,New York,NY,USA,https://gelatinlabs.com/,active
LTI Lightside Photographic Services,New York,NY,USA,http://www.lti-lightside.com,active
Luster Photo & Digital Inc,New York,NY,USA,https://www.lusterphoto.com,active
Negativeland,New York,NY,USA,http://www.negativelandfilm.com,active
Photo Life,New York,NY,USA,https://www.photolifeusa.net,active
picturehouse + thesmalldarkroom,New York,NY,USA,https://phtsdr.com,active
Pro Image Photo – Store 101,New York,NY,USA,https://proimagephoto.com,active
Pro Image Photo – Store 102,New York,NY,USA,https://proimagephoto.com,unverified
Sammy's Photo Lab,New York,NY,USA,,active
The Color House,New York,NY,USA,http://www.thecolorhouseny.com,active
Vista + CRC Imaging Group,New York,NY,USA,https://www.colorresourcecenter.com,active
Ridgewood Photo & Wireless,Ridgewood,NY,USA,http://ridgewoodphoto.com,unverified
Praus Productions Inc.,Rochester,NY,USA,http://www.4photolab.com,unverified
Scott's Rochester Photo Supply,Rochester,NY,USA,https://www.rocphotosupply.com,unverified
Rockville Camera,Rockville Centre,NY,USA,http://rockvillecamera.com,unverified
PIXEL Connection,Avon,OH,USA,http://www.thepixelconnection.com,unverified
YM Camera,Boardman,OH,USA,https://ymcamera.com,unverified
Velocity Film Lab,Cincinnati,OH,USA,https://www.velocityfilmlab.com,unverified
Western Hill Photo & Hobby,Cincinnati,OH,USA,https://www.instagram.com/westernhillsphoto,unverified
Dodd Camera,Cleveland,OH,USA,https://doddcamera.com,unverified
Midwest Photo,Columbus,OH,USA,https://mpex.com/services,unverified
Process 614,Columbus,OH,USA,http://www.process614.com,unverified
Memphis Film Lab,Euclid,OH,USA,https://www.memphisfilmlab.org,active
Kohne Camera,Perrysburg,OH,USA,http://www.kohnes.com,unverified
Bedford Camera & Video – Oklahoma City,Oklahoma City,OK,USA,http://www.bedfords.com,unverified
Apertures Photo,Tulsa,OK,USA,https://www.aperturesphoto.com,unverified
Bedford Camera & Video – Tulsa,Tulsa,OK,USA,http://www.bedfords.com,unverified
The Shutterbug – Beaverton,Beaverton,OR,USA,http://www.theshutterbug.com,unverified
The Shutterbug – Eugene,Eugene,OR,USA,https://www.theshutterbug.com,unverified
Ambient Film Lab,Gaston,OR,USA,https://www.ambientfilmlab.com,unverified
Blue Moon Camera & Machine,Portland,OR,USA,https://bluemooncamera.com,active
Citizens Photo,Portland,OR,USA,http://www.citizensphoto.com,active
Pro Photo Supply,Portland,OR,USA,https://prophotosupply.com,active
The Shutterbug,Portland,OR,USA,https://www.theshutterbug.com,active
The Shutterbug – Portland,Portland,OR,USA,https://www.theshutterbug.com,unverified
PhotoVision,Salem,OR,USA,https://www.photovision.co,active
The Shutterbug – Salem,Salem,OR,USA,https://www.theshutterbug.com,unverified
Jack's Cameras,Huntingdon Valley,PA,USA,https://cameraspot.com/,active
Indie Photo,Philadelphia,PA,USA,https://indiephotolab.com,active
PhotoLounge,Philadelphia,PA,USA,https://www.myphotolounge.com,active
Unique Photo,Philadelphia,PA,USA,https://www.uniquephoto.com,active
M-Alchemy,Pittsburgh,PA,USA,https://m-alchemy.com,unverified
Retro Photo Reading,Reading,PA,USA,http://retrophotoreading.com,unverified
Kerry's Warwick Photo,Warwick,RI,USA,http://www.kerryswarwickphoto.com,unverified
Prism Photo & Framing,Mt Pleasant,SC,USA,http://www.prismphotolab.com,unverified
Harold's Photo,Sioux Falls,SD,USA,http://www.haroldsphoto.com,unverified
f/32 Photo,Knoxville,TN,USA,http://www.f32photo.com,unverified
Knoxville Film Lab,Knoxville,TN,USA,https://www.knoxvillefilmlab.com,unverified
Memphis Film Lab,Memphis,TN,USA,https://memphisfilmlab.org,active
Memphis Professional Imaging,Memphis,TN,USA,http://www.memphisproimaging.com,unverified
Boutique Film Lab,Nashville,TN,USA,https://www.boutiquefilmlab.com,active
Safelight Imaging,Nashville,TN,USA,https://safelightimaging.square.site,active
Southbound Film Lab,Nashville,TN,USA,https://www.southboundfilmlab.com,active
Third Man Photo Studio,Nashville,TN,USA,https://thirdmanphotostudio.com/,active
Goodman Photo Lab,Addison,TX,USA,https://www.thegoodmanfilmlab.com/,unverified
Austin Camera,Austin,TX,USA,http://www.austincamera.com,active
Holland Photo Imaging,Austin,TX,USA,http://www.hollandphoto.com,active
Lago Vista Film Lab,Austin,TX,USA,https://www.lagovistafilmlab.com,active
Precision Camera + Video – Photo Lab,Austin,TX,USA,https://precision-camera.com/,active
Turbo Photo Film Lab,Austin,TX,USA,https://atxfilmlab.com,active
Prisma Film Lab,Dallas,TX,USA,https://www.prismafilmlab.com,active
Fort Worth Camera + Lab,Fort Worth,TX,USA,https://fortworthcamera.com,unverified
Garland Camera Repair & Photographic Imaging,Garland,TX,USA,https://www.garlandcameraimaging.net,unverified
Flats Film Lab,Houston,TX,USA,https://www.flatspresents.com,active
Reel Quick Film Lab,Houston,TX,USA,https://www.reelquickfilmlab.com,active
Humble Camera Center,Humble,TX,USA,http://www.humblecamera.com,unverified
Kingwood Photo Lab,Kingwood,TX,USA,http://www.kingwoodphotolab.com,unverified
Digital Pro Lab,San Antonio,TX,USA,https://www.digitalprolab.com,unverified
Lago Vista Film Lab SMTX,San Marcos,TX,USA,https://www.lagovistafilmlab.com,unverified
San Marcos Film Lab,San Marcos,TX,USA,http://www.sanmarcosfilmlab.com,unverified
Cove Film Lab,Weatherford,TX,USA,https://covefilmlab.com,unverified
Allens Camera – Layton,Layton,UT,USA,https://allenscamera.net,unverified
Allen's Camera – Orem,Orem,UT,USA,http://www.allenscamera.net,unverified
Red Finch Lab – Orem,Orem,UT,USA,https://redfinchlab.com,unverified
theFINDlab,Orem,UT,USA,https://thefindlab.com,active
Red Finch Lab – Provo,Provo,UT,USA,https://redfinchlab.com,unverified
theFINDlab Analog Community Center,Provo,UT,USA,https://thefindlab.ecwid.com,unverified
Essential Photo Supply,Salt Lake City,UT,USA,http://www.essentialphotosupply.com,unverified
Film Cult Photo Lab,Salt Lake City,UT,USA,https://www.instagram.com/filmcultlab,unverified
theFINDlab SLC,Salt Lake City,UT,USA,https://thefindlab.com,unverified
Red Finch Lab – South Salt Lake,South Salt Lake,UT,USA,https://redfinchlab.com,unverified
District Camera and Imaging – Arlington,Arlington,VA,USA,https://www.districtcamera.com,unverified
District Camera and Imaging – Burke,Burke,VA,USA,https://www.districtcamera.com,unverified
Pro Camera,Charlottesville,VA,USA,http://procamera.us,unverified
VOID Film Lab,Lynchburg,VA,USA,https://www.voidfilmlab.com,unverified
Little Light Film Lab,Norfolk,VA,USA,https://littlelightfilmlab.com,unverified
Photo 60,Woodbridge,VA,USA,https://www.photo60studio.com,unverified
Omega Photo,Bellevue,WA,USA,https://www.omegaphoto.biz,unverified
Moody's Film Lab,Burien,WA,USA,https://moodysfilm.com,active
Photo HQ,Edmonds,WA,USA,http://www.photo-hq.com,unverified
Kenmore Camera,Kenmore,WA,USA,http://www.kenmorecamera.com,unverified
Glazer's Camera,Seattle,WA,USA,https://www.glazerscameraphotolab.com,active
Moon Photo,Seattle,WA,USA,http://www.moonphotolab.com,active
Panda Lab,Seattle,WA,USA,https://www.pandalab.com,active
Shot On Film Store,Seattle,WA,USA,https://www.shotonfilmstore.com,active
Cracked Film Lab,Spokane,WA,USA,https://crackedfilmlab.com,unverified
Speedy One Hour Photo,Tacoma,WA,USA,https://speedyephoto.com,unverified
Tacoma Photo Center,Tacoma,WA,USA,https://www.tacomaphotocenter.org,unverified
Mike Crivellos Cameras,Brookfield,WI,USA,http://mikecrivellos.com,unverified
Film Developing Co.,Eau Claire,WI,USA,https://filmdeveloping.co,unverified
Sharp Photo & Portrait,Eau Claire,WI,USA,https://sharpphoto.net,unverified
The Camera Company – Eastside,Madison,WI,USA,http://www.cameracompany.com,unverified
The Camera Company – Westside,Madison,WI,USA,http://www.cameracompany.com,unverified
Croplab Hanoi,Hanoi,,Vietnam,https://croplab.vn,unverified
Croplab,Ho Chi Minh City,,Vietnam,https://croplab.vn,unverified
Llab,Ho Chi Minh City,,Vietnam,https://www.instagram.com/llabgiangvo/,unverified
LLab Huế,Huế,,Vietnam,https://www.instagram.com/llabgiangvo,unverified
AEG Lab,Hà Nội,,Vietnam,https://www.facebook.com/AegLab,unverified
LLab Giảng Võ,Hà Nội,,Vietnam,https://www.instagram.com/llabgiangvo,unverified
Nadar Photo Club,Hà Nội,,Vietnam,https://www.facebook.com/nadar.photo.club02,unverified
Cinephile FilmLab,Đà Lạt,,Vietnam,https://www.facebook.com/cinephilefilmlabdalat,unverified
Croplab Da Lat,Da Lat,Lam Dong,Vietnam,https://croplab.vn,unverified
